#
# A fatal error has been detected by the Java Runtime Environment:
#
#  EXCEPTION_ACCESS_VIOLATION (0xc0000005) at pc=0x00007ffe4763f270, pid=35112, tid=32588
#
# JRE version: Java(TM) SE Runtime Environment (17.0.11+7) (build 17.0.11+7-LTS-207)
# Java VM: Java HotSpot(TM) 64-Bit Server VM (17.0.11+7-LTS-207, mixed mode, sharing, tiered, compressed oops, compressed class ptrs, g1 gc, windows-amd64)
# Problematic frame:
# C  [nvoglv64.dll+0xaef270]
#
# No core dump will be written. Minidumps are not enabled by default on client versions of Windows
#
# If you would like to submit a bug report, please visit:
#   https://bugreport.java.com/bugreport/crash.jsp
# The crash happened outside the Java Virtual Machine in native code.
# See problematic frame for where to report the bug.
#

---------------  S U M M A R Y ------------

Command Line: -javaagent:C:\Program Files\JetBrains\IntelliJ IDEA Community Edition 2024.2.3\lib\idea_rt.jar=50395:C:\Program Files\JetBrains\IntelliJ IDEA Community Edition 2024.2.3\bin -Dfile.encoding=UTF-8 KanapkaEngine.Main

Host: AMD Ryzen 9 7845HX with Radeon Graphics        , 24 cores, 31G,  Windows 11 , 64 bit Build 22621 (10.0.22621.3958)
Time: Sun Nov 24 14:40:14 2024 Romance Standard Time elapsed time: 0.678537 seconds (0d 0h 0m 0s)

---------------  T H R E A D  ---------------

Current thread (0x00000171af9e8720):  JavaThread "main" [_thread_in_native, id=32588, stack(0x00000056a6600000,0x00000056a6700000)]

Stack: [0x00000056a6600000,0x00000056a6700000],  sp=0x00000056a66fdb48,  free space=1014k
Native frames: (J=compiled Java code, j=interpreted, Vv=VM code, C=native code)
C  [nvoglv64.dll+0xaef270]

Java frames: (J=compiled Java code, j=interpreted, Vv=VM code)
j  org.lwjgl.opengl.GL11C.nglTexImage2D(IIIIIIIIJ)V+0
j  org.lwjgl.opengl.GL11C.glTexImage2D(IIIIIIIILjava/nio/ByteBuffer;)V+17
j  org.lwjgl.opengl.GL11.glTexImage2D(IIIIIIIILjava/nio/ByteBuffer;)V+14
J 1096% c1 KanapkaEngine.Game.Texture.setTexture(Ljava/awt/image/BufferedImage;)V (211 bytes) @ 0x00000171b7465454 [0x00000171b74648a0+0x0000000000000bb4]
j  KanapkaEngine.Game.Texture.<init>(Ljava/awt/image/BufferedImage;)V+30
j  KanapkaEngine.Game.Engine.InitializeLWJGL()V+337
j  KanapkaEngine.Game.Engine.init()V+5
j  KanapkaEngine.Game.Engine.<init>(LKanapkaEngine/Game/GameLogic;LKanapkaEngine/Game/EngineConfiguration;)V+127
j  KanapkaEngine.Editor.Editor.StartEditor()V+146
j  KanapkaEngine.Main.main([Ljava/lang/String;)V+0
v  ~StubRoutines::call_stub

siginfo: EXCEPTION_ACCESS_VIOLATION (0xc0000005), reading address 0x0000000000090010


Registers:
RAX=0x0000017224636370, RBX=0x0000000000090010, RCX=0x0000000000090030, RDX=0x0000000000090010
RSP=0x00000056a66fdb48, RBP=0x0000000000000800, RSI=0x0000000000000000, RDI=0x0000017224636350
R8 =0x0000000000000020, R9 =0x0000000000000000, R10=0x0000000000000000, R11=0x0000000000000004
R12=0x0000000000000000, R13=0x0000000000000200, R14=0x000000000000003e, R15=0x0000000000000000
RIP=0x00007ffe4763f270, EFLAGS=0x0000000000010246


Register to memory mapping:

RIP=0x00007ffe4763f270 nvoglv64.dll
RAX=0x0000017224636370 points into unknown readable memory: 0x0000000000000000 | 00 00 00 00 00 00 00 00
RBX=0x0000000000090010 is an unknown value
RCX=0x0000000000090030 is an unknown value
RDX=0x0000000000090010 is an unknown value
RSP=0x00000056a66fdb48 is pointing into the stack for thread: 0x00000171af9e8720
RBP=0x0000000000000800 is an unknown value
RSI=0x0 is NULL
RDI=0x0000017224636350 points into unknown readable memory: 0x0000000000000000 | 00 00 00 00 00 00 00 00
R8 =0x0000000000000020 is an unknown value
R9 =0x0 is NULL
R10=0x0 is NULL
R11=0x0000000000000004 is an unknown value
R12=0x0 is NULL
R13=0x0000000000000200 is an unknown value
R14=0x000000000000003e is an unknown value
R15=0x0 is NULL


Top of Stack: (sp=0x00000056a66fdb48)
0x00000056a66fdb48:   00007ffe4763ee9e 000000000001f800
0x00000056a66fdb58:   00007ffe47649319 0000000000000800
0x00000056a66fdb68:   00007ffe4752df50 0000000000090010
0x00000056a66fdb78:   000000000000003f 0000017224636350
0x00000056a66fdb88:   00007ffe47555c62 000000000001f800
0x00000056a66fdb98:   0000000000000800 000001722a65c2f0
0x00000056a66fdba8:   0000000000000000 000000000000001a
0x00000056a66fdbb8:   0000000000000000 0000000000000000
0x00000056a66fdbc8:   0000005600000000 0000000000000000
0x00000056a66fdbd8:   00000056a66fdd80 00000056a66fdc70
0x00000056a66fdbe8:   0000000000000000 00007ffe00000000
0x00000056a66fdbf8:   0000000000000014 0000000000000000
0x00000056a66fdc08:   0000000000000120 00007fff00000000
0x00000056a66fdc18:   0000000000000800 0000003f0000003f
0x00000056a66fdc28:   0000017224636350 00000000000c0000
0x00000056a66fdc38:   0000000000000000 00000000046d0000 

Instructions: (pc=0x00007ffe4763f270)
0x00007ffe4763f170:   e9 01 75 ec 0f ae f8 48 85 ed 74 0e 4c 8b c5 48
0x00007ffe4763f180:   8b d3 48 8b ce e8 66 5f 47 00 48 8b 5c 24 38 48
0x00007ffe4763f190:   8b 6c 24 40 48 83 c4 20 5e c3 cc cc cc cc cc cc
0x00007ffe4763f1a0:   4c 8b ca 48 8b c1 41 83 e1 0f 83 e0 0f 4d 85 c0
0x00007ffe4763f1b0:   0f 84 e7 00 00 00 4d 85 c9 74 73 48 85 c0 48 8d
0x00007ffe4763f1c0:   41 20 48 8d 4a 20 74 38 0f 1f 84 00 00 00 00 00
0x00007ffe4763f1d0:   48 8d 40 40 0f 10 41 e0 0f 10 49 f0 0f 10 11 0f
0x00007ffe4763f1e0:   10 59 10 48 8d 49 40 0f 11 40 a0 0f 11 48 b0 0f
0x00007ffe4763f1f0:   11 50 c0 0f 11 58 d0 49 83 e8 01 75 d3 c3 66 90
0x00007ffe4763f200:   48 8d 40 40 0f 10 41 e0 0f 10 49 f0 0f 10 11 0f
0x00007ffe4763f210:   10 59 10 48 8d 49 40 0f 11 40 a0 0f 11 48 b0 0f
0x00007ffe4763f220:   11 50 c0 0f 11 58 d0 49 83 e8 01 75 d3 c3 48 85
0x00007ffe4763f230:   c0 48 8d 41 20 48 8d 4a 20 74 35 0f 1f 44 00 00
0x00007ffe4763f240:   0f 10 41 e0 48 8d 40 40 0f 10 49 f0 0f 10 11 0f
0x00007ffe4763f250:   10 59 10 48 8d 49 40 0f 11 40 a0 0f 11 48 b0 0f
0x00007ffe4763f260:   11 50 c0 0f 11 58 d0 49 83 e8 01 75 d3 c3 66 90
0x00007ffe4763f270:   0f 10 41 e0 48 8d 40 40 0f 10 49 f0 0f 10 11 0f
0x00007ffe4763f280:   10 59 10 48 8d 49 40 0f 11 40 a0 0f 11 48 b0 0f
0x00007ffe4763f290:   11 50 c0 0f 11 58 d0 49 83 e8 01 75 d3 c3 cc cc
0x00007ffe4763f2a0:   48 89 4c 24 08 53 55 56 57 41 54 41 55 41 56 41
0x00007ffe4763f2b0:   57 48 81 ec c8 00 00 00 48 8b 01 4c 8b f1 48 8b
0x00007ffe4763f2c0:   08 49 8b 7e 08 4d 8b 56 10 45 8b 5e 58 41 8b 56
0x00007ffe4763f2d0:   5c 45 8b 4e 60 41 8b 76 50 45 03 cb 8b 87 58 05
0x00007ffe4763f2e0:   00 00 41 2b f3 8b af 50 05 00 00 03 c5 45 8b ba
0x00007ffe4763f2f0:   50 05 00 00 44 8b a7 5c 05 00 00 45 8b aa 5c 05
0x00007ffe4763f300:   00 00 44 8b 87 54 05 00 00 45 03 e0 41 8b 9a 54
0x00007ffe4763f310:   05 00 00 44 03 eb 89 84 24 18 01 00 00 41 8b 82
0x00007ffe4763f320:   58 05 00 00 41 03 c7 48 89 8c 24 b0 00 00 00 41
0x00007ffe4763f330:   8b 4e 64 45 8b 76 54 03 ca 89 84 24 20 01 00 00
0x00007ffe4763f340:   44 2b f2 8b 84 24 18 01 00 00 44 3b d8 0f 8d 20
0x00007ffe4763f350:   06 00 00 44 3b cd 0f 8e 17 06 00 00 41 3b d4 0f
0x00007ffe4763f360:   8d 0e 06 00 00 41 3b c8 0f 8e 05 06 00 00 44 3b 


Stack slot to memory mapping:
stack at sp + 0 slots: 0x00007ffe4763ee9e nvoglv64.dll
stack at sp + 1 slots: 0x000000000001f800 is an unknown value
stack at sp + 2 slots: 0x00007ffe47649319 nvoglv64.dll
stack at sp + 3 slots: 0x0000000000000800 is an unknown value
stack at sp + 4 slots: 0x00007ffe4752df50 nvoglv64.dll
stack at sp + 5 slots: 0x0000000000090010 is an unknown value
stack at sp + 6 slots: 0x000000000000003f is an unknown value
stack at sp + 7 slots: 0x0000017224636350 points into unknown readable memory: 0x0000000000000000 | 00 00 00 00 00 00 00 00


Compiled method (c1)     764 1096 %     3       KanapkaEngine.Game.Texture::setTexture @ 98 (211 bytes)
 total in heap  [0x00000171b7464590,0x00000171b7465ed0] = 6464
 relocation     [0x00000171b74646e8,0x00000171b7464888] = 416
 main code      [0x00000171b74648a0,0x00000171b7465820] = 3968
 stub code      [0x00000171b7465820,0x00000171b7465928] = 264
 oops           [0x00000171b7465928,0x00000171b7465930] = 8
 metadata       [0x00000171b7465930,0x00000171b74659a8] = 120
 scopes data    [0x00000171b74659a8,0x00000171b7465c18] = 624
 scopes pcs     [0x00000171b7465c18,0x00000171b7465e88] = 624
 dependencies   [0x00000171b7465e88,0x00000171b7465e98] = 16
 nul chk table  [0x00000171b7465e98,0x00000171b7465ed0] = 56

[Constant Pool (empty)]

[MachCode]
[Entry Point]
  # {method} {0x000001721f7afbd0} 'setTexture' '(Ljava/awt/image/BufferedImage;)V' in 'KanapkaEngine/Game/Texture'
  0x00000171b74648a0: 448b 5208 | 49bb 0000 | 00dd 7101 | 0000 4d03 | d34c 3bd0 

  0x00000171b74648b4: ;   {runtime_call ic_miss_stub}
  0x00000171b74648b4: 0f85 c686 | 2d07 660f | 1f44 0000 
[Verified Entry Point]
  0x00000171b74648c0: 8984 2400 | 90ff ff55 | 4881 ece0 | 0000 0048 | 8994 2480 | 0000 004c | 8944 2478 

  0x00000171b74648dc: ;   {metadata(method data for {method} {0x000001721f7afbd0} 'setTexture' '(Ljava/awt/image/BufferedImage;)V' in 'KanapkaEngine/Game/Texture')}
  0x00000171b74648dc: 48be 9006 | 7b1f 7201 | 0000 8bbe | cc00 0000 | 83c7 0289 | becc 0000 | 0081 e7fe | 0700 0083 
  0x00000171b74648fc: ff00 0f84 | 3d0c 0000 | 0fbe 7218 

  0x00000171b7464908: ;   {metadata(method data for {method} {0x000001721f7afbd0} 'setTexture' '(Ljava/awt/image/BufferedImage;)V' in 'KanapkaEngine/Game/Texture')}
  0x00000171b7464908: 83fe 0048 | be90 067b | 1f72 0100 | 0048 bf20 | 0100 0000 | 0000 000f | 850a 0000 | 0048 bf10 
  0x00000171b7464928: 0100 0000 | 0000 0048 | 8b1c 3e48 | 8d5b 0148 | 891c 3e0f | 8551 0b00 | 008b 720c 

  0x00000171b7464944: ;   {metadata(method data for {method} {0x000001721f7afbd0} 'setTexture' '(Ljava/awt/image/BufferedImage;)V' in 'KanapkaEngine/Game/Texture')}
  0x00000171b7464944: 48bf 9006 | 7b1f 7201 | 0000 4883 | 8730 0100 

  0x00000171b7464954: ;   {metadata(method data for {method} {0x000001721f6b2010} 'glBindTexture' '(II)V' in 'org/lwjgl/opengl/GL11')}
  0x00000171b7464954: 0001 48bf | 90fe 7a1f | 7201 0000 | 8b9f cc00 | 0000 83c3 | 0289 9fcc | 0000 0081 | e3fe ff1f 
  0x00000171b7464974: 0083 fb00 | 0f84 e40b 

  0x00000171b746497c: ;   {metadata(method data for {method} {0x000001721f6b2010} 'glBindTexture' '(II)V' in 'org/lwjgl/opengl/GL11')}
  0x00000171b746497c: 0000 48bf | 90fe 7a1f | 7201 0000 | 4883 8710 | 0100 0001 | bae1 0d00 | 004c 8bc6 | 0f1f 8000 
  0x00000171b746499c: ;   {static_call}
  0x00000171b746499c: 0000 00e8 

  0x00000171b74649a0: ; ImmutableOopMap {[120]=Oop [128]=Oop }
                      ;*invokestatic glBindTexture {reexecute=0 rethrow=0 return_oop=0}
                      ; - org.lwjgl.opengl.GL11::glBindTexture@2 (line 854)
                      ; - KanapkaEngine.Game.Texture::setTexture@15 (line 36)
  0x00000171b74649a0: 5c96 2d07 

  0x00000171b74649a4: ;   {metadata(method data for {method} {0x000001721f7afbd0} 'setTexture' '(Ljava/awt/image/BufferedImage;)V' in 'KanapkaEngine/Game/Texture')}
  0x00000171b74649a4: 48ba 9006 | 7b1f 7201 | 0000 4883 | 8240 0100 

  0x00000171b74649b4: ;   {metadata(method data for {method} {0x000001721f6e3cc8} 'glPixelStorei' '(II)V' in 'org/lwjgl/opengl/GL11')}
  0x00000171b74649b4: 0001 48ba | 780b 7b1f | 7201 0000 | 448b 82cc | 0000 0041 | 83c0 0244 | 8982 cc00 | 0000 4181 
  0x00000171b74649d4: e0fe ff1f | 0041 83f8 | 000f 84a0 

  0x00000171b74649e0: ;   {metadata(method data for {method} {0x000001721f6e3cc8} 'glPixelStorei' '(II)V' in 'org/lwjgl/opengl/GL11')}
  0x00000171b74649e0: 0b00 0048 | ba78 0b7b | 1f72 0100 | 0048 8382 | 1001 0000 | 01ba f50c | 0000 41b8 | 0100 0000 
  0x00000171b7464a00: 0f1f 8000 

  0x00000171b7464a04: ;   {static_call}
  0x00000171b7464a04: 0000 00e8 

  0x00000171b7464a08: ; ImmutableOopMap {[120]=Oop [128]=Oop }
                      ;*invokestatic glPixelStorei {reexecute=0 rethrow=0 return_oop=0}
                      ; - org.lwjgl.opengl.GL11::glPixelStorei@2 (line 4898)
                      ; - KanapkaEngine.Game.Texture::setTexture@22 (line 37)
  0x00000171b7464a08: f495 2d07 

  0x00000171b7464a0c: ;   {metadata(method data for {method} {0x000001721f7afbd0} 'setTexture' '(Ljava/awt/image/BufferedImage;)V' in 'KanapkaEngine/Game/Texture')}
  0x00000171b7464a0c: 48ba 9006 | 7b1f 7201 | 0000 4883 | 8250 0100 

  0x00000171b7464a1c: ;   {oop("bind tex"{0x000000062af767b0})}
  0x00000171b7464a1c: 0001 48ba | b067 f72a | 0600 0000 | 0f1f 8000 

  0x00000171b7464a2c: ;   {static_call}
  0x00000171b7464a2c: 0000 00e8 

  0x00000171b7464a30: ; ImmutableOopMap {[120]=Oop [128]=Oop }
                      ;*invokestatic ErrorCheck {reexecute=0 rethrow=0 return_oop=0}
                      ; - KanapkaEngine.Game.Texture::setTexture@27 (line 39)
  0x00000171b7464a30: cc95 2d07 

  0x00000171b7464a34: ;   {metadata(method data for {method} {0x000001721f7afbd0} 'setTexture' '(Ljava/awt/image/BufferedImage;)V' in 'KanapkaEngine/Game/Texture')}
  0x00000171b7464a34: 48ba 9006 | 7b1f 7201 | 0000 4883 | 8260 0100 

  0x00000171b7464a44: ;   {metadata(method data for {method} {0x000001721f6ed498} 'glTexParameteri' '(III)V' in 'org/lwjgl/opengl/GL11')}
  0x00000171b7464a44: 0001 48ba | f00e 7b1f | 7201 0000 | 448b 82cc | 0000 0041 | 83c0 0244 | 8982 cc00 | 0000 4181 
  0x00000171b7464a64: e0fe ff1f | 0041 83f8 | 000f 8431 

  0x00000171b7464a70: ;   {metadata(method data for {method} {0x000001721f6ed498} 'glTexParameteri' '(III)V' in 'org/lwjgl/opengl/GL11')}
  0x00000171b7464a70: 0b00 0048 | baf0 0e7b | 1f72 0100 | 0048 8382 | 1001 0000 | 01ba e10d | 0000 41b8 | 0128 0000 
  0x00000171b7464a90: 41b9 0026 

  0x00000171b7464a94: ;   {static_call}
  0x00000171b7464a94: 0000 90e8 

  0x00000171b7464a98: ; ImmutableOopMap {[120]=Oop [128]=Oop }
                      ;*invokestatic glTexParameteri {reexecute=0 rethrow=0 return_oop=0}
                      ; - org.lwjgl.opengl.GL11::glTexParameteri@3 (line 7154)
                      ; - KanapkaEngine.Game.Texture::setTexture@39 (line 41)
  0x00000171b7464a98: 6495 2d07 

  0x00000171b7464a9c: ;   {metadata(method data for {method} {0x000001721f7afbd0} 'setTexture' '(Ljava/awt/image/BufferedImage;)V' in 'KanapkaEngine/Game/Texture')}
  0x00000171b7464a9c: 48ba 9006 | 7b1f 7201 | 0000 4883 | 8270 0100 

  0x00000171b7464aac: ;   {metadata(method data for {method} {0x000001721f6ed498} 'glTexParameteri' '(III)V' in 'org/lwjgl/opengl/GL11')}
  0x00000171b7464aac: 0001 48ba | f00e 7b1f | 7201 0000 | 448b 82cc | 0000 0041 | 83c0 0244 | 8982 cc00 | 0000 4181 
  0x00000171b7464acc: e0fe ff1f | 0041 83f8 | 000f 84ea 

  0x00000171b7464ad8: ;   {metadata(method data for {method} {0x000001721f6ed498} 'glTexParameteri' '(III)V' in 'org/lwjgl/opengl/GL11')}
  0x00000171b7464ad8: 0a00 0048 | baf0 0e7b | 1f72 0100 | 0048 8382 | 1001 0000 | 01ba e10d | 0000 41b8 | 0028 0000 
  0x00000171b7464af8: 41b9 0026 

  0x00000171b7464afc: ;   {static_call}
  0x00000171b7464afc: 0000 90e8 

  0x00000171b7464b00: ; ImmutableOopMap {[120]=Oop [128]=Oop }
                      ;*invokestatic glTexParameteri {reexecute=0 rethrow=0 return_oop=0}
                      ; - org.lwjgl.opengl.GL11::glTexParameteri@3 (line 7154)
                      ; - KanapkaEngine.Game.Texture::setTexture@51 (line 42)
  0x00000171b7464b00: fc94 2d07 | 4c8b 4424 | 7849 3b00 

  0x00000171b7464b0c: ;   {metadata(method data for {method} {0x000001721f7afbd0} 'setTexture' '(Ljava/awt/image/BufferedImage;)V' in 'KanapkaEngine/Game/Texture')}
  0x00000171b7464b0c: 498b d048 | be90 067b | 1f72 0100 

  0x00000171b7464b18: ;   {metadata('java/awt/image/BufferedImage')}
  0x00000171b7464b18: 0049 ba08 | ea02 de71 | 0100 004c | 8996 9001 | 0000 4883 | 8698 0100 

  0x00000171b7464b30: ;   {metadata(method data for {method} {0x000001721f2e6870} 'getWidth' '()I' in 'java/awt/image/BufferedImage')}
  0x00000171b7464b30: 0001 48ba | b064 581f | 7201 0000 | 8bb2 cc00 | 0000 83c6 | 0289 b2cc | 0000 0081 | e6fe ff1f 
  0x00000171b7464b50: 0083 fe00 | 0f84 910a | 0000 418b | 501c 48c1 | e203 483b | 0248 8bf2 

  0x00000171b7464b68: ;   {metadata(method data for {method} {0x000001721f2e6870} 'getWidth' '()I' in 'java/awt/image/BufferedImage')}
  0x00000171b7464b68: 48bf b064 | 581f 7201 | 0000 4883 | 8710 0100 | 0001 8b72 | 1448 8bbc | 2480 0000 | 0089 7710 
  0x00000171b7464b88: ;   {metadata(method data for {method} {0x000001721f7afbd0} 'setTexture' '(Ljava/awt/image/BufferedImage;)V' in 'KanapkaEngine/Game/Texture')}
  0x00000171b7464b88: 498b d848 | b890 067b | 1f72 0100 

  0x00000171b7464b94: ;   {metadata('java/awt/image/BufferedImage')}
  0x00000171b7464b94: 0049 ba08 | ea02 de71 | 0100 004c | 8990 c801 | 0000 4883 | 80d0 0100 

  0x00000171b7464bac: ;   {metadata(method data for {method} {0x000001721f2e6918} 'getHeight' '()I' in 'java/awt/image/BufferedImage')}
  0x00000171b7464bac: 0001 48bb | 3866 581f | 7201 0000 | 8b83 cc00 | 0000 83c0 | 0289 83cc | 0000 0081 | e0fe ff1f 
  0x00000171b7464bcc: 0083 f800 | 0f84 3b0a | 0000 488b 

  0x00000171b7464bd8: ;   {metadata(method data for {method} {0x000001721f2e6918} 'getHeight' '()I' in 'java/awt/image/BufferedImage')}
  0x00000171b7464bd8: da48 b838 | 6658 1f72 | 0100 0048 | 8380 1001 | 0000 018b | 5218 8957 

  0x00000171b7464bf0: ;   {metadata(method data for {method} {0x000001721f7afbd0} 'setTexture' '(Ljava/awt/image/BufferedImage;)V' in 'KanapkaEngine/Game/Texture')}
  0x00000171b7464bf0: 1448 bb90 | 067b 1f72 | 0100 0048 | 8383 f001 | 0000 01c1 | e602 0faf | f248 8bd6 

  0x00000171b7464c0c: ;   {static_call}
  0x00000171b7464c0c: 6666 90e8 

  0x00000171b7464c10: ; ImmutableOopMap {[120]=Oop [128]=Oop }
                      ;*invokestatic allocate {reexecute=0 rethrow=0 return_oop=0}
                      ; - KanapkaEngine.Game.Texture::setTexture@81 (line 47)
  0x00000171b7464c10: ec93 2d07 | 4c8b 4424 | 7848 8b94 | 2480 0000 | 00be 0000 | 0000 e9a2 | 0700 000f | 1f44 0000 
  0x00000171b7464c30: bb00 0000 | 0048 8984 | 24b0 0000 | 00e9 0107 | 0000 660f | 1f44 0000 | 4889 9424 | c800 0000 
  0x00000171b7464c50: ;   {metadata('java/awt/Color')}
  0x00000171b7464c50: 48ba 9848 | 0cde 7101 | 0000 4c8b | ee49 8b87 | 0801 0000 | 488d 7820 | 493b bf18 | 0100 000f 
  0x00000171b7464c70: 87bd 0900 | 0049 89bf | 0801 0000 | 48c7 0001 | 0000 0048 | 8bca 49ba | 0000 00dd | 7101 0000 
  0x00000171b7464c90: 492b ca89 | 4808 4833 | c989 480c | 4833 c948 | 8948 1048 | 8948 1848 | 8984 24a8 | 0000 0049 
  0x00000171b7464cb0: 3b00 4d8b 

  0x00000171b7464cb4: ;   {metadata(method data for {method} {0x000001721f7afbd0} 'setTexture' '(Ljava/awt/image/BufferedImage;)V' in 'KanapkaEngine/Game/Texture')}
  0x00000171b7464cb4: c848 ba90 | 067b 1f72 

  0x00000171b7464cbc: ;   {metadata('java/awt/image/BufferedImage')}
  0x00000171b7464cbc: 0100 0049 | ba08 ea02 | de71 0100 | 004c 8992 | 5002 0000 | 4883 8258 | 0200 0001 | 498b f04c 
  0x00000171b7464cdc: 8bc3 4d8b | cd48 8bd6 | 4489 ac24 | bc00 0000 | 4889 b424 | c000 0000 | 899c 24b8 | 0000 000f 
  0x00000171b7464cfc: ;   {optimized virtual_call}
  0x00000171b7464cfc: 1f40 00e8 

  0x00000171b7464d00: ; ImmutableOopMap {[192]=Oop [168]=Oop [176]=Oop [200]=Oop }
                      ;*invokevirtual getRGB {reexecute=0 rethrow=0 return_oop=0}
                      ; - KanapkaEngine.Game.Texture::setTexture@115 (line 51)
  0x00000171b7464d00: 7c99 a207 | 4c8b 8424 | a800 0000 

  0x00000171b7464d0c: ;   {metadata(method data for {method} {0x000001721f7afbd0} 'setTexture' '(Ljava/awt/image/BufferedImage;)V' in 'KanapkaEngine/Game/Texture')}
  0x00000171b7464d0c: 48ba 9006 | 7b1f 7201 | 0000 4883 | 8278 0200 

  0x00000171b7464d1c: ;   {metadata(method data for {method} {0x000001721f57f800} '<init>' '(I)V' in 'java/awt/Color')}
  0x00000171b7464d1c: 0001 49b8 | 385d 581f | 7201 0000 | 418b 90cc | 0000 0083 | c202 4189 | 90cc 0000 | 0081 e2fe 
  0x00000171b7464d3c: ff1f 0083 | fa00 0f84 | fc08 0000 | 4c8b 8424 | a800 0000 

  0x00000171b7464d50: ;   {metadata(method data for {method} {0x000001721f57f800} '<init>' '(I)V' in 'java/awt/Color')}
  0x00000171b7464d50: 48ba 385d | 581f 7201 | 0000 4883 | 8210 0100 

  0x00000171b7464d60: ;   {metadata(method data for {method} {0x00000171dd4489e0} '<init>' '()V' in 'java/lang/Object')}
  0x00000171b7464d60: 0001 49b8 | a87e 001f | 7201 0000 | 418b 90cc | 0000 0083 | c202 4189 | 90cc 0000 | 0081 e2fe 
  0x00000171b7464d80: ff1f 0083 | fa00 0f84 | d908 0000 | 450f be47 | 3841 83f8 | 0048 8bb4 | 24a8 0000 | 000f 85e3 
  0x00000171b7464da0: 0800 00c7 | 4614 0000 | 0000 450f | be47 3841 | 83f8 000f | 85ed 0800 | 00c7 4618 | 0000 0000 
  0x00000171b7464dc0: c746 1000 | 0000 0045 | 0fbe 4738 | 4183 f800 | 0f85 f008 | 0000 c746 | 1c00 0000 | 0081 c800 
  0x00000171b7464de0: 0000 ff89 | 460c 4c8b 

  0x00000171b7464de8: ;   {metadata(method data for {method} {0x000001721f7afbd0} 'setTexture' '(Ljava/awt/image/BufferedImage;)V' in 'KanapkaEngine/Game/Texture')}
  0x00000171b7464de8: c648 ba90 | 067b 1f72 

  0x00000171b7464df0: ;   {metadata('java/awt/Color')}
  0x00000171b7464df0: 0100 0049 | ba98 480c | de71 0100 | 004c 8992 | 9802 0000 | 4883 82a0 | 0200 0001 

  0x00000171b7464e0c: ;   {metadata(method data for {method} {0x000001721f57fe08} 'getRed' '()I' in 'java/awt/Color')}
  0x00000171b7464e0c: 49b8 905e | 581f 7201 | 0000 418b | 90cc 0000 | 0083 c202 | 4189 90cc | 0000 0081 | e2fe ff1f 
  0x00000171b7464e2c: 0083 fa00 | 0f84 b008 | 0000 4c8b 

  0x00000171b7464e38: ;   {metadata(method data for {method} {0x000001721f57fe08} 'getRed' '()I' in 'java/awt/Color')}
  0x00000171b7464e38: c648 ba90 | 5e58 1f72 | 0100 0048 | 8382 2801 | 0000 0148 | 8bbc 24b0 | 0000 0048 | 3b07 4c8b 
  0x00000171b7464e58: ;   {metadata(method data for {method} {0x000001721f7afbd0} 'setTexture' '(Ljava/awt/image/BufferedImage;)V' in 'KanapkaEngine/Game/Texture')}
  0x00000171b7464e58: c748 ba90 | 067b 1f72 | 0100 0045 | 8b40 0849 | ba00 0000 | dd71 0100 | 004d 03c2 | 4c3b 82d0 
  0x00000171b7464e78: 0200 0075 | 0d48 8382 | d802 0000 | 01e9 6600 | 0000 4c3b | 82e0 0200 | 0075 0d48 | 8382 e802 
  0x00000171b7464e98: 0000 01e9 | 5000 0000 | 4881 bad0 | 0200 0000 | 0000 0075 | 174c 8982 | d002 0000 | 48c7 82d8 
  0x00000171b7464eb8: 0200 0001 | 0000 00e9 | 2c00 0000 | 4881 bae0 | 0200 0000 | 0000 0075 | 174c 8982 | e002 0000 
  0x00000171b7464ed8: 48c7 82e8 | 0200 0001 | 0000 00e9 | 0800 0000 | 4883 82c0 | 0200 0001 | c1f8 1081 | e0ff 0000 
  0x00000171b7464ef8: 000f bec0 | 4c8b c048 | 8bd7 4889 | bc24 b000 | 0000 6666 | 9048 b888 | 611c dd71 

  0x00000171b7464f14: ;   {virtual_call}
  0x00000171b7464f14: 0100 00e8 

  0x00000171b7464f18: ; ImmutableOopMap {[192]=Oop [200]=Oop [176]=Oop [168]=Oop }
                      ;*invokevirtual put {reexecute=0 rethrow=0 return_oop=0}
                      ; - KanapkaEngine.Game.Texture::setTexture@130 (line 52)
  0x00000171b7464f18: 6462 a207 | 488b 8424 | a800 0000 

  0x00000171b7464f24: ;   {metadata(method data for {method} {0x000001721f7afbd0} 'setTexture' '(Ljava/awt/image/BufferedImage;)V' in 'KanapkaEngine/Game/Texture')}
  0x00000171b7464f24: 49b8 9006 | 7b1f 7201 

  0x00000171b7464f2c: ;   {metadata('java/awt/Color')}
  0x00000171b7464f2c: 0000 49ba | 9848 0cde | 7101 0000 | 4d89 9008 | 0300 0049 | 8380 1003 

  0x00000171b7464f44: ;   {metadata(method data for {method} {0x000001721f57feb0} 'getGreen' '()I' in 'java/awt/Color')}
  0x00000171b7464f44: 0000 0149 | b818 6058 | 1f72 0100 | 0041 8b90 | cc00 0000 | 83c2 0241 | 8990 cc00 | 0000 81e2 
  0x00000171b7464f64: feff 1f00 | 83fa 000f | 849b 0700 | 0048 8b84 | 24a8 0000 

  0x00000171b7464f78: ;   {metadata(method data for {method} {0x000001721f57feb0} 'getGreen' '()I' in 'java/awt/Color')}
  0x00000171b7464f78: 0049 b818 | 6058 1f72 | 0100 0049 | 8380 2801 | 0000 0148 | 8b84 24a8 | 0000 0044 | 8b40 0c48 
  0x00000171b7464f98: 8b94 24b0 

  0x00000171b7464f9c: ;   {metadata(method data for {method} {0x000001721f7afbd0} 'setTexture' '(Ljava/awt/image/BufferedImage;)V' in 'KanapkaEngine/Game/Texture')}
  0x00000171b7464f9c: 0000 0048 | be90 067b | 1f72 0100 | 008b 5208 | 49ba 0000 | 00dd 7101 | 0000 4903 | d248 3b96 
  0x00000171b7464fbc: 4003 0000 | 750d 4883 | 8648 0300 | 0001 e966 | 0000 0048 | 3b96 5003 | 0000 750d | 4883 8658 
  0x00000171b7464fdc: 0300 0001 | e950 0000 | 0048 81be | 4003 0000 | 0000 0000 | 7517 4889 | 9640 0300 | 0048 c786 
  0x00000171b7464ffc: 4803 0000 | 0100 0000 | e92c 0000 | 0048 81be | 5003 0000 | 0000 0000 | 7517 4889 | 9650 0300 
  0x00000171b746501c: 0048 c786 | 5803 0000 | 0100 0000 | e908 0000 | 0048 8386 | 3003 0000 | 0141 c1f8 | 0841 81e0 
  0x00000171b746503c: ff00 0000 | 450f bec0 | 488b 9424 | b000 0000 | 9048 b888 | 611c dd71 

  0x00000171b7465054: ;   {virtual_call}
  0x00000171b7465054: 0100 00e8 

  0x00000171b7465058: ; ImmutableOopMap {[192]=Oop [200]=Oop [176]=Oop [168]=Oop }
                      ;*invokevirtual put {reexecute=0 rethrow=0 return_oop=0}
                      ; - KanapkaEngine.Game.Texture::setTexture@141 (line 53)
  0x00000171b7465058: 2461 a207 | 488b 8424 | a800 0000 

  0x00000171b7465064: ;   {metadata(method data for {method} {0x000001721f7afbd0} 'setTexture' '(Ljava/awt/image/BufferedImage;)V' in 'KanapkaEngine/Game/Texture')}
  0x00000171b7465064: 49b8 9006 | 7b1f 7201 

  0x00000171b746506c: ;   {metadata('java/awt/Color')}
  0x00000171b746506c: 0000 49ba | 9848 0cde | 7101 0000 | 4d89 9078 | 0300 0049 | 8380 8003 

  0x00000171b7465084: ;   {metadata(method data for {method} {0x000001721f57ff58} 'getBlue' '()I' in 'java/awt/Color')}
  0x00000171b7465084: 0000 0149 | b8a0 6158 | 1f72 0100 | 0041 8b90 | cc00 0000 | 83c2 0241 | 8990 cc00 | 0000 81e2 
  0x00000171b74650a4: feff 1f00 | 83fa 000f | 847c 0600 | 0048 8b84 | 24a8 0000 

  0x00000171b74650b8: ;   {metadata(method data for {method} {0x000001721f57ff58} 'getBlue' '()I' in 'java/awt/Color')}
  0x00000171b74650b8: 0049 b8a0 | 6158 1f72 | 0100 0049 | 8380 2801 | 0000 0148 | 8b84 24a8 | 0000 0044 | 8b40 0c48 
  0x00000171b74650d8: 8b94 24b0 

  0x00000171b74650dc: ;   {metadata(method data for {method} {0x000001721f7afbd0} 'setTexture' '(Ljava/awt/image/BufferedImage;)V' in 'KanapkaEngine/Game/Texture')}
  0x00000171b74650dc: 0000 0048 | be90 067b | 1f72 0100 | 008b 5208 | 49ba 0000 | 00dd 7101 | 0000 4903 | d248 3b96 
  0x00000171b74650fc: b003 0000 | 750d 4883 | 86b8 0300 | 0001 e966 | 0000 0048 | 3b96 c003 | 0000 750d | 4883 86c8 
  0x00000171b746511c: 0300 0001 | e950 0000 | 0048 81be | b003 0000 | 0000 0000 | 7517 4889 | 96b0 0300 | 0048 c786 
  0x00000171b746513c: b803 0000 | 0100 0000 | e92c 0000 | 0048 81be | c003 0000 | 0000 0000 | 7517 4889 | 96c0 0300 
  0x00000171b746515c: 0048 c786 | c803 0000 | 0100 0000 | e908 0000 | 0048 8386 | a003 0000 | 0141 81e0 | ff00 0000 
  0x00000171b746517c: 450f bec0 | 488b 9424 | b000 0000 | 0f1f 4400 | 0048 b888 | 611c dd71 

  0x00000171b7465194: ;   {virtual_call}
  0x00000171b7465194: 0100 00e8 

  0x00000171b7465198: ; ImmutableOopMap {[192]=Oop [200]=Oop [176]=Oop [168]=Oop }
                      ;*invokevirtual put {reexecute=0 rethrow=0 return_oop=0}
                      ; - KanapkaEngine.Game.Texture::setTexture@152 (line 54)
  0x00000171b7465198: e45f a207 | 488b 8424 | a800 0000 

  0x00000171b74651a4: ;   {metadata(method data for {method} {0x000001721f7afbd0} 'setTexture' '(Ljava/awt/image/BufferedImage;)V' in 'KanapkaEngine/Game/Texture')}
  0x00000171b74651a4: 49b8 9006 | 7b1f 7201 

  0x00000171b74651ac: ;   {metadata('java/awt/Color')}
  0x00000171b74651ac: 0000 49ba | 9848 0cde | 7101 0000 | 4d89 90e8 | 0300 0049 | 8380 f003 

  0x00000171b74651c4: ;   {metadata(method data for {method} {0x000001721f580000} 'getAlpha' '()I' in 'java/awt/Color')}
  0x00000171b74651c4: 0000 0149 | b828 6358 | 1f72 0100 | 0041 8b90 | cc00 0000 | 83c2 0241 | 8990 cc00 | 0000 81e2 
  0x00000171b74651e4: feff 1f00 | 83fa 000f | 845d 0500 | 0048 8b84 | 24a8 0000 

  0x00000171b74651f8: ;   {metadata(method data for {method} {0x000001721f580000} 'getAlpha' '()I' in 'java/awt/Color')}
  0x00000171b74651f8: 0049 b828 | 6358 1f72 | 0100 0049 | 8380 2801 | 0000 0148 | 8b84 24a8 | 0000 0044 | 8b40 0c48 
  0x00000171b7465218: 8b84 24b0 

  0x00000171b746521c: ;   {metadata(method data for {method} {0x000001721f7afbd0} 'setTexture' '(Ljava/awt/image/BufferedImage;)V' in 'KanapkaEngine/Game/Texture')}
  0x00000171b746521c: 0000 0048 | ba90 067b | 1f72 0100 | 008b 4008 | 49ba 0000 | 00dd 7101 | 0000 4903 | c248 3b82 
  0x00000171b746523c: 2004 0000 | 750d 4883 | 8228 0400 | 0001 e966 | 0000 0048 | 3b82 3004 | 0000 750d | 4883 8238 
  0x00000171b746525c: 0400 0001 | e950 0000 | 0048 81ba | 2004 0000 | 0000 0000 | 7517 4889 | 8220 0400 | 0048 c782 
  0x00000171b746527c: 2804 0000 | 0100 0000 | e92c 0000 | 0048 81ba | 3004 0000 | 0000 0000 | 7517 4889 | 8230 0400 
  0x00000171b746529c: 0048 c782 | 3804 0000 | 0100 0000 | e908 0000 | 0048 8382 | 1004 0000 | 0141 c1f8 | 1841 81e0 
  0x00000171b74652bc: ff00 0000 | 450f bec0 | 488b 9424 | b000 0000 | 9048 b888 | 611c dd71 

  0x00000171b74652d4: ;   {virtual_call}
  0x00000171b74652d4: 0100 00e8 

  0x00000171b74652d8: ; ImmutableOopMap {[192]=Oop [200]=Oop [176]=Oop }
                      ;*invokevirtual put {reexecute=0 rethrow=0 return_oop=0}
                      ; - KanapkaEngine.Game.Texture::setTexture@163 (line 55)
  0x00000171b74652d8: a45e a207 | 8b9c 24b8 | 0000 00ff 

  0x00000171b74652e4: ;   {metadata(method data for {method} {0x000001721f7afbd0} 'setTexture' '(Ljava/awt/image/BufferedImage;)V' in 'KanapkaEngine/Game/Texture')}
  0x00000171b74652e4: c348 ba90 | 067b 1f72 | 0100 0044 | 8b82 d000 | 0000 4183 | c002 4489 | 82d0 0000 | 0041 81e0 
  0x00000171b7465304: fe3f 0000 | 4183 f800 | 0f84 5d04 | 0000 4d8b | 9750 0300 

  0x00000171b7465318: ; ImmutableOopMap {[192]=Oop [200]=Oop [176]=Oop }
                      ;*goto {reexecute=1 rethrow=0 return_oop=0}
                      ; - (reexecute) KanapkaEngine.Game.Texture::setTexture@170 (line 50)
                      ;   {poll}
  0x00000171b7465318: 0041 8502 

  0x00000171b746531c: ;   {metadata(method data for {method} {0x000001721f7afbd0} 'setTexture' '(Ljava/awt/image/BufferedImage;)V' in 'KanapkaEngine/Game/Texture')}
  0x00000171b746531c: 48ba 9006 | 7b1f 7201 | 0000 ff82 | 4804 0000 | 8bb4 24bc | 0000 004c | 8b84 24c0 | 0000 0048 
  0x00000171b746533c: 8b94 24c8 | 0000 008b | 7a10 3bdf 

  0x00000171b7465348: ;   {metadata(method data for {method} {0x000001721f7afbd0} 'setTexture' '(Ljava/awt/image/BufferedImage;)V' in 'KanapkaEngine/Game/Texture')}
  0x00000171b7465348: 48bf 9006 | 7b1f 7201 | 0000 48b9 | 3002 0000 | 0000 0000 | 0f8c 0a00 | 0000 48b9 | 2002 0000 
  0x00000171b7465368: 0000 0000 | 4c8b 0c0f | 4d8d 4901 | 4c89 0c0f | 0f8c caf8 | ffff 488b | 8424 b000 | 0000 ffc6 
  0x00000171b7465388: ;   {metadata(method data for {method} {0x000001721f7afbd0} 'setTexture' '(Ljava/awt/image/BufferedImage;)V' in 'KanapkaEngine/Game/Texture')}
  0x00000171b7465388: 49b9 9006 | 7b1f 7201 | 0000 418b | b9d0 0000 | 0083 c702 | 4189 b9d0 | 0000 0081 | e7fe 3f00 
  0x00000171b74653a8: 0083 ff00 | 0f84 e303 | 0000 4d8b | 9750 0300 

  0x00000171b74653b8: ; ImmutableOopMap {rax=Oop rdx=Oop r8=Oop }
                      ;*goto {reexecute=1 rethrow=0 return_oop=0}
                      ; - (reexecute) KanapkaEngine.Game.Texture::setTexture@176 (line 49)
                      ;   {poll}
  0x00000171b74653b8: 0041 8502 

  0x00000171b74653bc: ;   {metadata(method data for {method} {0x000001721f7afbd0} 'setTexture' '(Ljava/awt/image/BufferedImage;)V' in 'KanapkaEngine/Game/Texture')}
  0x00000171b74653bc: 49b9 9006 | 7b1f 7201 | 0000 41ff | 8160 0400 | 008b 5a14 

  0x00000171b74653d0: ;   {metadata(method data for {method} {0x000001721f7afbd0} 'setTexture' '(Ljava/awt/image/BufferedImage;)V' in 'KanapkaEngine/Game/Texture')}
  0x00000171b74653d0: 3bf3 48b9 | 9006 7b1f | 7201 0000 | 48bf 1002 | 0000 0000 | 0000 0f8c | 0a00 0000 | 48bf 0002 
  0x00000171b74653f0: 0000 0000 | 0000 4c8b | 0c39 4d8d | 4901 4c89 | 0c39 0f8c | 28f8 ffff 

  0x00000171b7465408: ;   {metadata(method data for {method} {0x000001721f7afbd0} 'setTexture' '(Ljava/awt/image/BufferedImage;)V' in 'KanapkaEngine/Game/Texture')}
  0x00000171b7465408: 8b7a 1048 | ba90 067b | 1f72 0100 | 0048 8382 | 7804 0000 | 01ba e10d | 0000 41b8 | 0000 0000 
  0x00000171b7465428: 41b9 0819 | 0000 488b | f3b9 0000 | 0000 c704 | 2408 1900 | 00c7 4424 | 0801 1400 | 0048 8944 
  0x00000171b7465448: 2410 0f1f 

  0x00000171b746544c: ;   {static_call}
  0x00000171b746544c: 4400 00e8 

  0x00000171b7465450: ; ImmutableOopMap {}
                      ;*invokestatic glTexImage2D {reexecute=0 rethrow=0 return_oop=0}
                      ; - KanapkaEngine.Game.Texture::setTexture@202 (line 59)
  0x00000171b7465450: 8104 0000 

  0x00000171b7465454: ;   {metadata(method data for {method} {0x000001721f7afbd0} 'setTexture' '(Ljava/awt/image/BufferedImage;)V' in 'KanapkaEngine/Game/Texture')}
  0x00000171b7465454: 48ba 9006 | 7b1f 7201 | 0000 4883 | 8288 0400 

  0x00000171b7465464: ;   {oop("Buffer"{0x000000062b8f6130})}
  0x00000171b7465464: 0001 48ba | 3061 8f2b | 0600 0000 | 0f1f 8000 

  0x00000171b7465474: ;   {static_call}
  0x00000171b7465474: 0000 00e8 

  0x00000171b7465478: ; ImmutableOopMap {}
                      ;*invokestatic ErrorCheck {reexecute=0 rethrow=0 return_oop=0}
                      ; - KanapkaEngine.Game.Texture::setTexture@207 (line 61)
  0x00000171b7465478: 848b 2d07 | 4881 c4e0 | 0000 005d 

  0x00000171b7465484: ;   {poll_return}
  0x00000171b7465484: 493b a748 | 0300 000f | 872a 0300 | 00c3 4881 | c4e0 0000 

  0x00000171b7465498: ;   {poll_return}
  0x00000171b7465498: 005d 493b | a748 0300 | 000f 872a | 0300 00c3 | 8984 2400 | 90ff ff55 | 4881 ece0 | 0000 0048 
  0x00000171b74654b8: 8b72 2848 | 8b7a 2048 | 8b5a 188b | 4210 448b | 4208 488b | ca48 89b4 | 24a0 0000 | 0048 89bc 
  0x00000171b74654d8: 2498 0000 | 0048 899c | 2490 0000 | 0089 8424 | 8c00 0000 | 4489 8424 | 8800 0000 

  0x00000171b74654f4: ;   {runtime_call}
  0x00000171b74654f4: 49ba a0b8 | 584c fe7f | 0000 41ff | d244 8b84 | 2488 0000 | 0049 8bd8 | 8b84 248c | 0000 0048 
  0x00000171b7465514: 8bf0 488b | 9424 9000 | 0000 488b | c248 8bbc | 2498 0000 | 004c 8bc7 | 488b 9424 | a000 0000 
  0x00000171b7465534: 4889 8424 | b000 0000 | e902 feff 

  0x00000171b7465540: ;   {metadata({method} {0x000001721f7afbd0} 'setTexture' '(Ljava/awt/image/BufferedImage;)V' in 'KanapkaEngine/Game/Texture')}
  0x00000171b7465540: ff49 bac8 | fb7a 1f72 | 0100 004c | 8954 2408 | 48c7 0424 | ffff ffff 

  0x00000171b7465558: ;   {runtime_call counter_overflow Runtime1 stub}
  0x00000171b7465558: e823 8438 

  0x00000171b746555c: ; ImmutableOopMap {rdx=Oop [128]=Oop r8=Oop [120]=Oop }
                      ;*synchronization entry
                      ; - KanapkaEngine.Game.Texture::setTexture@-1 (line 33)
  0x00000171b746555c: 07e9 a2f3 

  0x00000171b7465560: ;   {metadata({method} {0x000001721f6b2010} 'glBindTexture' '(II)V' in 'org/lwjgl/opengl/GL11')}
  0x00000171b7465560: ffff 49ba | 0820 6b1f | 7201 0000 | 4c89 5424 | 0848 c704 | 24ff ffff 

  0x00000171b7465578: ;   {runtime_call counter_overflow Runtime1 stub}
  0x00000171b7465578: ffe8 0284 

  0x00000171b746557c: ; ImmutableOopMap {rdx=Oop [128]=Oop [120]=Oop }
                      ;*synchronization entry
                      ; - org.lwjgl.opengl.GL11::glBindTexture@-1 (line 854)
                      ; - KanapkaEngine.Game.Texture::setTexture@15 (line 36)
  0x00000171b746557c: 3807 e9fb 

  0x00000171b7465580: ;   {metadata({method} {0x000001721f6e3cc8} 'glPixelStorei' '(II)V' in 'org/lwjgl/opengl/GL11')}
  0x00000171b7465580: f3ff ff49 | bac0 3c6e | 1f72 0100 | 004c 8954 | 2408 48c7 | 0424 ffff 

  0x00000171b7465598: ;   {runtime_call counter_overflow Runtime1 stub}
  0x00000171b7465598: ffff e8e1 

  0x00000171b746559c: ; ImmutableOopMap {[120]=Oop [128]=Oop }
                      ;*synchronization entry
                      ; - org.lwjgl.opengl.GL11::glPixelStorei@-1 (line 4898)
                      ; - KanapkaEngine.Game.Texture::setTexture@22 (line 37)
  0x00000171b746559c: 8338 07e9 | 3ff4 ffff 

  0x00000171b74655a4: ;   {metadata({method} {0x000001721f6ed498} 'glTexParameteri' '(III)V' in 'org/lwjgl/opengl/GL11')}
  0x00000171b74655a4: 49ba 90d4 | 6e1f 7201 | 0000 4c89 | 5424 0848 | c704 24ff 

  0x00000171b74655b8: ;   {runtime_call counter_overflow Runtime1 stub}
  0x00000171b74655b8: ffff ffe8 

  0x00000171b74655bc: ; ImmutableOopMap {[120]=Oop [128]=Oop }
                      ;*synchronization entry
                      ; - org.lwjgl.opengl.GL11::glTexParameteri@-1 (line 7154)
                      ; - KanapkaEngine.Game.Texture::setTexture@39 (line 41)
  0x00000171b74655bc: c083 3807 | e9ae f4ff 

  0x00000171b74655c4: ;   {metadata({method} {0x000001721f6ed498} 'glTexParameteri' '(III)V' in 'org/lwjgl/opengl/GL11')}
  0x00000171b74655c4: ff49 ba90 | d46e 1f72 | 0100 004c | 8954 2408 | 48c7 0424 | ffff ffff 

  0x00000171b74655dc: ;   {runtime_call counter_overflow Runtime1 stub}
  0x00000171b74655dc: e89f 8338 

  0x00000171b74655e0: ; ImmutableOopMap {[120]=Oop [128]=Oop }
                      ;*synchronization entry
                      ; - org.lwjgl.opengl.GL11::glTexParameteri@-1 (line 7154)
                      ; - KanapkaEngine.Game.Texture::setTexture@51 (line 42)
  0x00000171b74655e0: 07e9 f5f4 

  0x00000171b74655e4: ;   {runtime_call throw_null_pointer_exception Runtime1 stub}
  0x00000171b74655e4: ffff e835 

  0x00000171b74655e8: ; ImmutableOopMap {[128]=Oop r8=Oop [120]=Oop }
                      ;*invokevirtual getWidth {reexecute=0 rethrow=0 return_oop=0}
                      ; - KanapkaEngine.Game.Texture::setTexture@56 (line 44)
                      ;   {metadata({method} {0x000001721f2e6870} 'getWidth' '()I' in 'java/awt/image/BufferedImage')}
  0x00000171b74655e8: 1538 0749 | ba68 682e | 1f72 0100 | 004c 8954 | 2408 48c7 | 0424 ffff 

  0x00000171b7465600: ;   {runtime_call counter_overflow Runtime1 stub}
  0x00000171b7465600: ffff e879 

  0x00000171b7465604: ; ImmutableOopMap {[128]=Oop r8=Oop [120]=Oop }
                      ;*synchronization entry
                      ; - java.awt.image.BufferedImage::getWidth@-1 (line 1071)
                      ; - KanapkaEngine.Game.Texture::setTexture@56 (line 44)
  0x00000171b7465604: 8338 07e9 | 4ef5 ffff 

  0x00000171b746560c: ;   {runtime_call throw_null_pointer_exception Runtime1 stub}
  0x00000171b746560c: e80f 1538 

  0x00000171b7465610: ; ImmutableOopMap {[128]=Oop r8=Oop [120]=Oop rdx=Oop }
                      ;*invokevirtual getWidth {reexecute=0 rethrow=0 return_oop=0}
                      ; - java.awt.image.BufferedImage::getWidth@4 (line 1071)
                      ; - KanapkaEngine.Game.Texture::setTexture@56 (line 44)
                      ;   {metadata({method} {0x000001721f2e6918} 'getHeight' '()I' in 'java/awt/image/BufferedImage')}
  0x00000171b7465610: 0749 ba10 | 692e 1f72 | 0100 004c | 8954 2408 | 48c7 0424 | ffff ffff 

  0x00000171b7465628: ;   {runtime_call counter_overflow Runtime1 stub}
  0x00000171b7465628: e853 8338 

  0x00000171b746562c: ; ImmutableOopMap {r8=Oop [120]=Oop rdx=Oop rdi=Oop [128]=Oop }
                      ;*synchronization entry
                      ; - java.awt.image.BufferedImage::getHeight@-1 (line 1079)
                      ; - KanapkaEngine.Game.Texture::setTexture@64 (line 45)
  0x00000171b746562c: 07e9 a4f5 | ffff 488b 

  0x00000171b7465634: ;   {runtime_call fast_new_instance Runtime1 stub}
  0x00000171b7465634: d2e8 c61f 

  0x00000171b7465638: ; ImmutableOopMap {r8=Oop [200]=Oop [176]=Oop }
                      ;*new {reexecute=0 rethrow=0 return_oop=0}
                      ; - KanapkaEngine.Game.Texture::setTexture@107 (line 51)
  0x00000171b7465638: 3807 e968 

  0x00000171b746563c: ;   {runtime_call throw_null_pointer_exception Runtime1 stub}
  0x00000171b746563c: f6ff ffe8 

  0x00000171b7465640: ; ImmutableOopMap {r8=Oop [200]=Oop [176]=Oop rax=Oop [168]=Oop }
                      ;*invokevirtual getRGB {reexecute=0 rethrow=0 return_oop=0}
                      ; - KanapkaEngine.Game.Texture::setTexture@115 (line 51)
  0x00000171b7465640: dc14 3807 

  0x00000171b7465644: ;   {metadata({method} {0x000001721f57f800} '<init>' '(I)V' in 'java/awt/Color')}
  0x00000171b7465644: 49ba f8f7 | 571f 7201 | 0000 4c89 | 5424 0848 | c704 24ff 

  0x00000171b7465658: ;   {runtime_call counter_overflow Runtime1 stub}
  0x00000171b7465658: ffff ffe8 

  0x00000171b746565c: ; ImmutableOopMap {[192]=Oop [168]=Oop [176]=Oop [200]=Oop }
                      ;*synchronization entry
                      ; - java.awt.Color::<init>@-1 (line 415)
                      ; - KanapkaEngine.Game.Texture::setTexture@118 (line 51)
  0x00000171b746565c: 2083 3807 | e9e3 f6ff 

  0x00000171b7465664: ;   {metadata({method} {0x00000171dd4489e0} '<init>' '()V' in 'java/lang/Object')}
  0x00000171b7465664: ff49 bad8 | 8944 dd71 | 0100 004c | 8954 2408 | 48c7 0424 | ffff ffff 

  0x00000171b746567c: ;   {runtime_call counter_overflow Runtime1 stub}
  0x00000171b746567c: e8ff 8238 

  0x00000171b7465680: ; ImmutableOopMap {[192]=Oop [168]=Oop [176]=Oop [200]=Oop }
                      ;*synchronization entry
                      ; - java.lang.Object::<init>@-1 (line 44)
                      ; - java.awt.Color::<init>@1 (line 415)
                      ; - KanapkaEngine.Game.Texture::setTexture@118 (line 51)
  0x00000171b7465680: 07e9 06f7 | ffff 448b | 4614 49c1 | e003 4983 | f800 0f84 | 0bf7 ffff | 4c89 0424 

  0x00000171b746569c: ;   {runtime_call g1_pre_barrier_slow}
  0x00000171b746569c: e8df 8938 | 07e9 fdf6 | ffff 448b | 4618 49c1 | e003 4983 | f800 0f84 | 01f7 ffff | 4c89 0424 
  0x00000171b74656bc: ;   {runtime_call g1_pre_barrier_slow}
  0x00000171b74656bc: e8bf 8938 | 07e9 f3f6 | ffff 448b | 461c 49c1 | e003 4983 | f800 0f84 | fef6 ffff | 4c89 0424 
  0x00000171b74656dc: ;   {runtime_call g1_pre_barrier_slow}
  0x00000171b74656dc: e89f 8938 | 07e9 f0f6 

  0x00000171b74656e4: ;   {metadata({method} {0x000001721f57fe08} 'getRed' '()I' in 'java/awt/Color')}
  0x00000171b74656e4: ffff 49ba | 00fe 571f | 7201 0000 | 4c89 5424 | 0848 c704 | 24ff ffff 

  0x00000171b74656fc: ;   {runtime_call counter_overflow Runtime1 stub}
  0x00000171b74656fc: ffe8 7e82 

  0x00000171b7465700: ; ImmutableOopMap {[192]=Oop [176]=Oop [200]=Oop rsi=Oop [168]=Oop }
                      ;*synchronization entry
                      ; - java.awt.Color::getRed@-1 (line 559)
                      ; - KanapkaEngine.Game.Texture::setTexture@126 (line 52)
  0x00000171b7465700: 3807 e92f 

  0x00000171b7465704: ;   {runtime_call throw_null_pointer_exception Runtime1 stub}
  0x00000171b7465704: f7ff ffe8 

  0x00000171b7465708: ; ImmutableOopMap {[192]=Oop [200]=Oop rsi=Oop [168]=Oop rdi=Oop }
                      ;*invokevirtual put {reexecute=0 rethrow=0 return_oop=0}
                      ; - KanapkaEngine.Game.Texture::setTexture@130 (line 52)
  0x00000171b7465708: 1414 3807 

  0x00000171b746570c: ;   {metadata({method} {0x000001721f57feb0} 'getGreen' '()I' in 'java/awt/Color')}
  0x00000171b746570c: 49ba a8fe | 571f 7201 | 0000 4c89 | 5424 0848 | c704 24ff 

  0x00000171b7465720: ;   {runtime_call counter_overflow Runtime1 stub}
  0x00000171b7465720: ffff ffe8 

  0x00000171b7465724: ; ImmutableOopMap {[192]=Oop [200]=Oop [176]=Oop [168]=Oop }
                      ;*synchronization entry
                      ; - java.awt.Color::getGreen@-1 (line 569)
                      ; - KanapkaEngine.Game.Texture::setTexture@137 (line 53)
  0x00000171b7465724: 5882 3807 | e944 f8ff 

  0x00000171b746572c: ;   {metadata({method} {0x000001721f57ff58} 'getBlue' '()I' in 'java/awt/Color')}
  0x00000171b746572c: ff49 ba50 | ff57 1f72 | 0100 004c | 8954 2408 | 48c7 0424 | ffff ffff 

  0x00000171b7465744: ;   {runtime_call counter_overflow Runtime1 stub}
  0x00000171b7465744: e837 8238 

  0x00000171b7465748: ; ImmutableOopMap {[192]=Oop [200]=Oop [176]=Oop [168]=Oop }
                      ;*synchronization entry
                      ; - java.awt.Color::getBlue@-1 (line 579)
                      ; - KanapkaEngine.Game.Texture::setTexture@148 (line 54)
  0x00000171b7465748: 07e9 63f9 

  0x00000171b746574c: ;   {metadata({method} {0x000001721f580000} 'getAlpha' '()I' in 'java/awt/Color')}
  0x00000171b746574c: ffff 49ba | f8ff 571f | 7201 0000 | 4c89 5424 | 0848 c704 | 24ff ffff 

  0x00000171b7465764: ;   {runtime_call counter_overflow Runtime1 stub}
  0x00000171b7465764: ffe8 1682 

  0x00000171b7465768: ; ImmutableOopMap {[192]=Oop [200]=Oop [176]=Oop [168]=Oop }
                      ;*synchronization entry
                      ; - java.awt.Color::getAlpha@-1 (line 588)
                      ; - KanapkaEngine.Game.Texture::setTexture@159 (line 55)
  0x00000171b7465768: 3807 e982 

  0x00000171b746576c: ;   {metadata({method} {0x000001721f7afbd0} 'setTexture' '(Ljava/awt/image/BufferedImage;)V' in 'KanapkaEngine/Game/Texture')}
  0x00000171b746576c: faff ff49 | bac8 fb7a | 1f72 0100 | 004c 8954 | 2408 48c7 | 0424 aa00 

  0x00000171b7465784: ;   {runtime_call counter_overflow Runtime1 stub}
  0x00000171b7465784: 0000 e8f5 

  0x00000171b7465788: ; ImmutableOopMap {[192]=Oop [200]=Oop [176]=Oop }
                      ;*goto {reexecute=1 rethrow=0 return_oop=0}
                      ; - (reexecute) KanapkaEngine.Game.Texture::setTexture@170 (line 50)
  0x00000171b7465788: 8138 07e9 | 82fb ffff 

  0x00000171b7465790: ;   {runtime_call throw_null_pointer_exception Runtime1 stub}
  0x00000171b7465790: e88b 1338 

  0x00000171b7465794: ; ImmutableOopMap {r8=Oop rdx=Oop [176]=Oop }
                      ;*getfield width {reexecute=1 rethrow=0 return_oop=0}
                      ; - (reexecute) KanapkaEngine.Game.Texture::setTexture@101 (line 50)
                      ;   {metadata({method} {0x000001721f7afbd0} 'setTexture' '(Ljava/awt/image/BufferedImage;)V' in 'KanapkaEngine/Game/Texture')}
  0x00000171b7465794: 0749 bac8 | fb7a 1f72 | 0100 004c | 8954 2408 | 48c7 0424 | b000 0000 

  0x00000171b74657ac: ;   {runtime_call counter_overflow Runtime1 stub}
  0x00000171b74657ac: e8cf 8138 

  0x00000171b74657b0: ; ImmutableOopMap {rax=Oop rdx=Oop r8=Oop }
                      ;*goto {reexecute=1 rethrow=0 return_oop=0}
                      ; - (reexecute) KanapkaEngine.Game.Texture::setTexture@176 (line 49)
  0x00000171b74657b0: 07e9 fcfb 

  0x00000171b74657b4: ;   {runtime_call throw_null_pointer_exception Runtime1 stub}
  0x00000171b74657b4: ffff e865 

  0x00000171b74657b8: ; ImmutableOopMap {rax=Oop r8=Oop rdx=Oop }
                      ;*getfield height {reexecute=1 rethrow=0 return_oop=0}
                      ; - (reexecute) KanapkaEngine.Game.Texture::setTexture@89 (line 49)
                      ;   {internal_word}
  0x00000171b74657b8: 1338 0749 | ba84 5446 | b771 0100 | 004d 8997 | 6003 0000 

  0x00000171b74657cc: ;   {runtime_call SafepointBlob}
  0x00000171b74657cc: e9af f12d 

  0x00000171b74657d0: ;   {internal_word}
  0x00000171b74657d0: 0749 ba9a | 5446 b771 | 0100 004d | 8997 6003 

  0x00000171b74657e0: ;   {runtime_call SafepointBlob}
  0x00000171b74657e0: 0000 e999 | f12d 0790 | 9049 8b87 | d803 0000 | 49c7 87d8 | 0300 0000 | 0000 0049 | c787 e003 
  0x00000171b7465800: 0000 0000 | 0000 4881 | c4e0 0000 

  0x00000171b746580c: ;   {runtime_call unwind_exception Runtime1 stub}
  0x00000171b746580c: 005d e9ed | 2f2f 07f4 | f4f4 f4f4 | f4f4 f4f4 | f4f4 f4f4 
[Stub Code]
  0x00000171b7465820: ;   {no_reloc}
  0x00000171b7465820: 0f1f 4400 

  0x00000171b7465824: ;   {static_stub}
  0x00000171b7465824: 0048 bb00 | 0000 0000 

  0x00000171b746582c: ;   {runtime_call}
  0x00000171b746582c: 0000 00e9 | fbff ffff 

  0x00000171b7465834: ;   {static_stub}
  0x00000171b7465834: 9048 bb00 | 0000 0000 

  0x00000171b746583c: ;   {runtime_call}
  0x00000171b746583c: 0000 00e9 | fbff ffff 

  0x00000171b7465844: ;   {static_stub}
  0x00000171b7465844: 9048 bb00 | 0000 0000 

  0x00000171b746584c: ;   {runtime_call}
  0x00000171b746584c: 0000 00e9 | fbff ffff 

  0x00000171b7465854: ;   {static_stub}
  0x00000171b7465854: 9048 bb00 | 0000 0000 

  0x00000171b746585c: ;   {runtime_call}
  0x00000171b746585c: 0000 00e9 | fbff ffff 

  0x00000171b7465864: ;   {static_stub}
  0x00000171b7465864: 9048 bb00 | 0000 0000 

  0x00000171b746586c: ;   {runtime_call}
  0x00000171b746586c: 0000 00e9 | fbff ffff 

  0x00000171b7465874: ;   {static_stub}
  0x00000171b7465874: 9048 bb00 | 0000 0000 

  0x00000171b746587c: ;   {runtime_call}
  0x00000171b746587c: 0000 00e9 | fbff ffff 

  0x00000171b7465884: ;   {static_stub}
  0x00000171b7465884: 9048 bb00 | 0000 0000 

  0x00000171b746588c: ;   {runtime_call}
  0x00000171b746588c: 0000 00e9 | fbff ffff 

  0x00000171b7465894: ;   {static_stub}
  0x00000171b7465894: 9048 bb00 | 0000 0000 

  0x00000171b746589c: ;   {runtime_call}
  0x00000171b746589c: 0000 00e9 | fbff ffff 

  0x00000171b74658a4: ;   {static_stub}
  0x00000171b74658a4: 9048 bb00 | 0000 0000 

  0x00000171b74658ac: ;   {runtime_call}
  0x00000171b74658ac: 0000 00e9 | fbff ffff 

  0x00000171b74658b4: ;   {static_stub}
  0x00000171b74658b4: 9048 bb00 | 0000 0000 

  0x00000171b74658bc: ;   {runtime_call}
  0x00000171b74658bc: 0000 00e9 | fbff ffff 

  0x00000171b74658c4: ;   {static_stub}
  0x00000171b74658c4: 9048 bb00 | 0000 0000 

  0x00000171b74658cc: ;   {runtime_call}
  0x00000171b74658cc: 0000 00e9 | fbff ffff 

  0x00000171b74658d4: ;   {static_stub}
  0x00000171b74658d4: 9048 bb38 | c66e 1f72 

  0x00000171b74658dc: ;   {runtime_call I2C/C2I adapters}
  0x00000171b74658dc: 0100 00e9 | 2492 5d07 

  0x00000171b74658e4: ;   {static_stub}
  0x00000171b74658e4: 9048 bb00 | 0000 0000 

  0x00000171b74658ec: ;   {runtime_call}
  0x00000171b74658ec: 0000 00e9 | fbff ffff 
[Exception Handler]
  0x00000171b74658f4: ;   {runtime_call handle_exception_from_callee Runtime1 stub}
  0x00000171b74658f4: e807 3838 

  0x00000171b74658f8: ;   {external_word}
  0x00000171b74658f8: 0748 b990 | f0da 4cfe | 7f00 0048 

  0x00000171b7465904: ;   {runtime_call}
  0x00000171b7465904: 83e4 f049 | ba20 f9a8 | 4cfe 7f00 | 0041 ffd2 

  0x00000171b7465914: ;   {section_word}
  0x00000171b7465914: f449 ba15 | 5946 b771 | 0100 0041 

  0x00000171b7465920: ;   {runtime_call DeoptimizationBlob}
  0x00000171b7465920: 52e9 fa04 | 2e07 f4f4 
[/MachCode]


---------------  P R O C E S S  ---------------

Threads class SMR info:
_java_thread_list=0x000001722a821970, length=23, elements={
0x00000171af9e8720, 0x000001721e086440, 0x000001721e087000, 0x000001721e0975c0,
0x000001721e09b4a0, 0x000001721e09de70, 0x000001721e09e830, 0x000001721e09fbe0,
0x000001721e0a8ab0, 0x000001721e0ab0d0, 0x000001721e1b2c50, 0x000001721e1b71b0,
0x000001721e1b7fa0, 0x000001721e1bac90, 0x000001721e355590, 0x000001721e2683b0,
0x0000017223020dd0, 0x0000017223034460, 0x00000172231a7b70, 0x00000172231b8a80,
0x000001721e3faf30, 0x000001722aac9710, 0x000001722a8c5250
}

Java Threads: ( => current thread )
=>0x00000171af9e8720 JavaThread "main" [_thread_in_native, id=32588, stack(0x00000056a6600000,0x00000056a6700000)]
  0x000001721e086440 JavaThread "Reference Handler" daemon [_thread_blocked, id=2020, stack(0x00000056a6d00000,0x00000056a6e00000)]
  0x000001721e087000 JavaThread "Finalizer" daemon [_thread_blocked, id=37020, stack(0x00000056a6e00000,0x00000056a6f00000)]
  0x000001721e0975c0 JavaThread "Signal Dispatcher" daemon [_thread_blocked, id=33592, stack(0x00000056a6f00000,0x00000056a7000000)]
  0x000001721e09b4a0 JavaThread "Attach Listener" daemon [_thread_blocked, id=1260, stack(0x00000056a7000000,0x00000056a7100000)]
  0x000001721e09de70 JavaThread "Service Thread" daemon [_thread_blocked, id=24824, stack(0x00000056a7100000,0x00000056a7200000)]
  0x000001721e09e830 JavaThread "Monitor Deflation Thread" daemon [_thread_blocked, id=5172, stack(0x00000056a7200000,0x00000056a7300000)]
  0x000001721e09fbe0 JavaThread "C2 CompilerThread0" daemon [_thread_blocked, id=18808, stack(0x00000056a7300000,0x00000056a7400000)]
  0x000001721e0a8ab0 JavaThread "C1 CompilerThread0" daemon [_thread_blocked, id=14252, stack(0x00000056a7400000,0x00000056a7500000)]
  0x000001721e0ab0d0 JavaThread "Sweeper thread" daemon [_thread_blocked, id=45044, stack(0x00000056a7500000,0x00000056a7600000)]
  0x000001721e1b2c50 JavaThread "Common-Cleaner" daemon [_thread_blocked, id=5064, stack(0x00000056a7600000,0x00000056a7700000)]
  0x000001721e1b71b0 JavaThread "C1 CompilerThread1" daemon [_thread_blocked, id=34016, stack(0x00000056a7700000,0x00000056a7800000)]
  0x000001721e1b7fa0 JavaThread "C1 CompilerThread2" daemon [_thread_blocked, id=3816, stack(0x00000056a7800000,0x00000056a7900000)]
  0x000001721e1bac90 JavaThread "C1 CompilerThread3" daemon [_thread_blocked, id=19984, stack(0x00000056a7900000,0x00000056a7a00000)]
  0x000001721e355590 JavaThread "Monitor Ctrl-Break" daemon [_thread_in_native, id=4492, stack(0x00000056a7b00000,0x00000056a7c00000)]
  0x000001721e2683b0 JavaThread "Notification Thread" daemon [_thread_blocked, id=5700, stack(0x00000056a7c00000,0x00000056a7d00000)]
  0x0000017223020dd0 JavaThread "Java Sound Event Dispatcher" daemon [_thread_blocked, id=31272, stack(0x00000056a8000000,0x00000056a8100000)]
  0x0000017223034460 JavaThread "Direct Clip" daemon [_thread_blocked, id=42716, stack(0x00000056a8400000,0x00000056a8500000)]
  0x00000172231a7b70 JavaThread "Java2D Disposer" daemon [_thread_blocked, id=38956, stack(0x00000056a8500000,0x00000056a8600000)]
  0x00000172231b8a80 JavaThread "AWT-Shutdown" [_thread_blocked, id=17552, stack(0x00000056a8600000,0x00000056a8700000)]
  0x000001721e3faf30 JavaThread "AWT-Windows" daemon [_thread_in_native, id=44636, stack(0x00000056a8700000,0x00000056a8800000)]
  0x000001722aac9710 JavaThread "C2 CompilerThread1" daemon [_thread_blocked, id=39788, stack(0x00000056a7a00000,0x00000056a7b00000)]
  0x000001722a8c5250 JavaThread "C2 CompilerThread2" daemon [_thread_blocked, id=33672, stack(0x00000056a8e00000,0x00000056a8f00000)]

Other Threads:
  0x00000171dbd2c980 VMThread "VM Thread" [stack: 0x00000056a6c00000,0x00000056a6d00000] [id=3208]
  0x00000171dbb782c0 WatcherThread [stack: 0x00000056a7d00000,0x00000056a7e00000] [id=5160]
  0x00000171afa96010 GCTaskThread "GC Thread#0" [stack: 0x00000056a6700000,0x00000056a6800000] [id=2680]
  0x00000171afa04540 ConcurrentGCThread "G1 Main Marker" [stack: 0x00000056a6800000,0x00000056a6900000] [id=3960]
  0x00000171ad6fb870 ConcurrentGCThread "G1 Conc#0" [stack: 0x00000056a6900000,0x00000056a6a00000] [id=29588]
  0x00000171dbc6af80 ConcurrentGCThread "G1 Refine#0" [stack: 0x00000056a6a00000,0x00000056a6b00000] [id=16764]
  0x00000171dbc6c9c0 ConcurrentGCThread "G1 Service" [stack: 0x00000056a6b00000,0x00000056a6c00000] [id=41948]

Threads with active compile tasks:

VM state: not at safepoint (normal execution)

VM Mutex/Monitor currently owned by a thread: None

Heap address: 0x000000060c800000, size: 7992 MB, Compressed Oops mode: Zero based, Oop shift amount: 3

CDS archive(s) mapped at: [0x00000171dd000000-0x00000171ddbd0000-0x00000171ddbd0000), size 12386304, SharedBaseAddress: 0x00000171dd000000, ArchiveRelocationMode: 1.
Compressed class space mapped at: 0x00000171de000000-0x000001721e000000, reserved size: 1073741824
Narrow klass base: 0x00000171dd000000, Narrow klass shift: 0, Narrow klass range: 0x100000000

GC Precious Log:
 CPUs: 24 total, 24 available
 Memory: 31967M
 Large Page Support: Disabled
 NUMA Support: Disabled
 Compressed Oops: Enabled (Zero based)
 Heap Region Size: 4M
 Heap Min Capacity: 8M
 Heap Initial Capacity: 500M
 Heap Max Capacity: 7992M
 Pre-touch: Disabled
 Parallel Workers: 18
 Concurrent Workers: 5
 Concurrent Refinement Workers: 18
 Periodic GC: Disabled

Heap:
 garbage-first heap   total 512000K, used 16384K [0x000000060c800000, 0x0000000800000000)
  region size 4096K, 6 young (24576K), 0 survivors (0K)
 Metaspace       used 7953K, committed 8192K, reserved 1114112K
  class space    used 604K, committed 704K, reserved 1048576K

Heap Regions: E=young(eden), S=young(survivor), O=old, HS=humongous(starts), HC=humongous(continues), CS=collection set, F=free, OA=open archive, CA=closed archive, TAMS=top-at-mark-start (previous, next)
|   0|0x000000060c800000, 0x000000060c800000, 0x000000060cc00000|  0%| F|  |TAMS 0x000000060c800000, 0x000000060c800000| Untracked 
|   1|0x000000060cc00000, 0x000000060cc00000, 0x000000060d000000|  0%| F|  |TAMS 0x000000060cc00000, 0x000000060cc00000| Untracked 
|   2|0x000000060d000000, 0x000000060d000000, 0x000000060d400000|  0%| F|  |TAMS 0x000000060d000000, 0x000000060d000000| Untracked 
|   3|0x000000060d400000, 0x000000060d400000, 0x000000060d800000|  0%| F|  |TAMS 0x000000060d400000, 0x000000060d400000| Untracked 
|   4|0x000000060d800000, 0x000000060d800000, 0x000000060dc00000|  0%| F|  |TAMS 0x000000060d800000, 0x000000060d800000| Untracked 
|   5|0x000000060dc00000, 0x000000060dc00000, 0x000000060e000000|  0%| F|  |TAMS 0x000000060dc00000, 0x000000060dc00000| Untracked 
|   6|0x000000060e000000, 0x000000060e000000, 0x000000060e400000|  0%| F|  |TAMS 0x000000060e000000, 0x000000060e000000| Untracked 
|   7|0x000000060e400000, 0x000000060e400000, 0x000000060e800000|  0%| F|  |TAMS 0x000000060e400000, 0x000000060e400000| Untracked 
|   8|0x000000060e800000, 0x000000060e800000, 0x000000060ec00000|  0%| F|  |TAMS 0x000000060e800000, 0x000000060e800000| Untracked 
|   9|0x000000060ec00000, 0x000000060ec00000, 0x000000060f000000|  0%| F|  |TAMS 0x000000060ec00000, 0x000000060ec00000| Untracked 
|  10|0x000000060f000000, 0x000000060f000000, 0x000000060f400000|  0%| F|  |TAMS 0x000000060f000000, 0x000000060f000000| Untracked 
|  11|0x000000060f400000, 0x000000060f400000, 0x000000060f800000|  0%| F|  |TAMS 0x000000060f400000, 0x000000060f400000| Untracked 
|  12|0x000000060f800000, 0x000000060f800000, 0x000000060fc00000|  0%| F|  |TAMS 0x000000060f800000, 0x000000060f800000| Untracked 
|  13|0x000000060fc00000, 0x000000060fc00000, 0x0000000610000000|  0%| F|  |TAMS 0x000000060fc00000, 0x000000060fc00000| Untracked 
|  14|0x0000000610000000, 0x0000000610000000, 0x0000000610400000|  0%| F|  |TAMS 0x0000000610000000, 0x0000000610000000| Untracked 
|  15|0x0000000610400000, 0x0000000610400000, 0x0000000610800000|  0%| F|  |TAMS 0x0000000610400000, 0x0000000610400000| Untracked 
|  16|0x0000000610800000, 0x0000000610800000, 0x0000000610c00000|  0%| F|  |TAMS 0x0000000610800000, 0x0000000610800000| Untracked 
|  17|0x0000000610c00000, 0x0000000610c00000, 0x0000000611000000|  0%| F|  |TAMS 0x0000000610c00000, 0x0000000610c00000| Untracked 
|  18|0x0000000611000000, 0x0000000611000000, 0x0000000611400000|  0%| F|  |TAMS 0x0000000611000000, 0x0000000611000000| Untracked 
|  19|0x0000000611400000, 0x0000000611400000, 0x0000000611800000|  0%| F|  |TAMS 0x0000000611400000, 0x0000000611400000| Untracked 
|  20|0x0000000611800000, 0x0000000611800000, 0x0000000611c00000|  0%| F|  |TAMS 0x0000000611800000, 0x0000000611800000| Untracked 
|  21|0x0000000611c00000, 0x0000000611c00000, 0x0000000612000000|  0%| F|  |TAMS 0x0000000611c00000, 0x0000000611c00000| Untracked 
|  22|0x0000000612000000, 0x0000000612000000, 0x0000000612400000|  0%| F|  |TAMS 0x0000000612000000, 0x0000000612000000| Untracked 
|  23|0x0000000612400000, 0x0000000612400000, 0x0000000612800000|  0%| F|  |TAMS 0x0000000612400000, 0x0000000612400000| Untracked 
|  24|0x0000000612800000, 0x0000000612800000, 0x0000000612c00000|  0%| F|  |TAMS 0x0000000612800000, 0x0000000612800000| Untracked 
|  25|0x0000000612c00000, 0x0000000612c00000, 0x0000000613000000|  0%| F|  |TAMS 0x0000000612c00000, 0x0000000612c00000| Untracked 
|  26|0x0000000613000000, 0x0000000613000000, 0x0000000613400000|  0%| F|  |TAMS 0x0000000613000000, 0x0000000613000000| Untracked 
|  27|0x0000000613400000, 0x0000000613400000, 0x0000000613800000|  0%| F|  |TAMS 0x0000000613400000, 0x0000000613400000| Untracked 
|  28|0x0000000613800000, 0x0000000613800000, 0x0000000613c00000|  0%| F|  |TAMS 0x0000000613800000, 0x0000000613800000| Untracked 
|  29|0x0000000613c00000, 0x0000000613c00000, 0x0000000614000000|  0%| F|  |TAMS 0x0000000613c00000, 0x0000000613c00000| Untracked 
|  30|0x0000000614000000, 0x0000000614000000, 0x0000000614400000|  0%| F|  |TAMS 0x0000000614000000, 0x0000000614000000| Untracked 
|  31|0x0000000614400000, 0x0000000614400000, 0x0000000614800000|  0%| F|  |TAMS 0x0000000614400000, 0x0000000614400000| Untracked 
|  32|0x0000000614800000, 0x0000000614800000, 0x0000000614c00000|  0%| F|  |TAMS 0x0000000614800000, 0x0000000614800000| Untracked 
|  33|0x0000000614c00000, 0x0000000614c00000, 0x0000000615000000|  0%| F|  |TAMS 0x0000000614c00000, 0x0000000614c00000| Untracked 
|  34|0x0000000615000000, 0x0000000615000000, 0x0000000615400000|  0%| F|  |TAMS 0x0000000615000000, 0x0000000615000000| Untracked 
|  35|0x0000000615400000, 0x0000000615400000, 0x0000000615800000|  0%| F|  |TAMS 0x0000000615400000, 0x0000000615400000| Untracked 
|  36|0x0000000615800000, 0x0000000615800000, 0x0000000615c00000|  0%| F|  |TAMS 0x0000000615800000, 0x0000000615800000| Untracked 
|  37|0x0000000615c00000, 0x0000000615c00000, 0x0000000616000000|  0%| F|  |TAMS 0x0000000615c00000, 0x0000000615c00000| Untracked 
|  38|0x0000000616000000, 0x0000000616000000, 0x0000000616400000|  0%| F|  |TAMS 0x0000000616000000, 0x0000000616000000| Untracked 
|  39|0x0000000616400000, 0x0000000616400000, 0x0000000616800000|  0%| F|  |TAMS 0x0000000616400000, 0x0000000616400000| Untracked 
|  40|0x0000000616800000, 0x0000000616800000, 0x0000000616c00000|  0%| F|  |TAMS 0x0000000616800000, 0x0000000616800000| Untracked 
|  41|0x0000000616c00000, 0x0000000616c00000, 0x0000000617000000|  0%| F|  |TAMS 0x0000000616c00000, 0x0000000616c00000| Untracked 
|  42|0x0000000617000000, 0x0000000617000000, 0x0000000617400000|  0%| F|  |TAMS 0x0000000617000000, 0x0000000617000000| Untracked 
|  43|0x0000000617400000, 0x0000000617400000, 0x0000000617800000|  0%| F|  |TAMS 0x0000000617400000, 0x0000000617400000| Untracked 
|  44|0x0000000617800000, 0x0000000617800000, 0x0000000617c00000|  0%| F|  |TAMS 0x0000000617800000, 0x0000000617800000| Untracked 
|  45|0x0000000617c00000, 0x0000000617c00000, 0x0000000618000000|  0%| F|  |TAMS 0x0000000617c00000, 0x0000000617c00000| Untracked 
|  46|0x0000000618000000, 0x0000000618000000, 0x0000000618400000|  0%| F|  |TAMS 0x0000000618000000, 0x0000000618000000| Untracked 
|  47|0x0000000618400000, 0x0000000618400000, 0x0000000618800000|  0%| F|  |TAMS 0x0000000618400000, 0x0000000618400000| Untracked 
|  48|0x0000000618800000, 0x0000000618800000, 0x0000000618c00000|  0%| F|  |TAMS 0x0000000618800000, 0x0000000618800000| Untracked 
|  49|0x0000000618c00000, 0x0000000618c00000, 0x0000000619000000|  0%| F|  |TAMS 0x0000000618c00000, 0x0000000618c00000| Untracked 
|  50|0x0000000619000000, 0x0000000619000000, 0x0000000619400000|  0%| F|  |TAMS 0x0000000619000000, 0x0000000619000000| Untracked 
|  51|0x0000000619400000, 0x0000000619400000, 0x0000000619800000|  0%| F|  |TAMS 0x0000000619400000, 0x0000000619400000| Untracked 
|  52|0x0000000619800000, 0x0000000619800000, 0x0000000619c00000|  0%| F|  |TAMS 0x0000000619800000, 0x0000000619800000| Untracked 
|  53|0x0000000619c00000, 0x0000000619c00000, 0x000000061a000000|  0%| F|  |TAMS 0x0000000619c00000, 0x0000000619c00000| Untracked 
|  54|0x000000061a000000, 0x000000061a000000, 0x000000061a400000|  0%| F|  |TAMS 0x000000061a000000, 0x000000061a000000| Untracked 
|  55|0x000000061a400000, 0x000000061a400000, 0x000000061a800000|  0%| F|  |TAMS 0x000000061a400000, 0x000000061a400000| Untracked 
|  56|0x000000061a800000, 0x000000061a800000, 0x000000061ac00000|  0%| F|  |TAMS 0x000000061a800000, 0x000000061a800000| Untracked 
|  57|0x000000061ac00000, 0x000000061ac00000, 0x000000061b000000|  0%| F|  |TAMS 0x000000061ac00000, 0x000000061ac00000| Untracked 
|  58|0x000000061b000000, 0x000000061b000000, 0x000000061b400000|  0%| F|  |TAMS 0x000000061b000000, 0x000000061b000000| Untracked 
|  59|0x000000061b400000, 0x000000061b400000, 0x000000061b800000|  0%| F|  |TAMS 0x000000061b400000, 0x000000061b400000| Untracked 
|  60|0x000000061b800000, 0x000000061b800000, 0x000000061bc00000|  0%| F|  |TAMS 0x000000061b800000, 0x000000061b800000| Untracked 
|  61|0x000000061bc00000, 0x000000061bc00000, 0x000000061c000000|  0%| F|  |TAMS 0x000000061bc00000, 0x000000061bc00000| Untracked 
|  62|0x000000061c000000, 0x000000061c000000, 0x000000061c400000|  0%| F|  |TAMS 0x000000061c000000, 0x000000061c000000| Untracked 
|  63|0x000000061c400000, 0x000000061c400000, 0x000000061c800000|  0%| F|  |TAMS 0x000000061c400000, 0x000000061c400000| Untracked 
|  64|0x000000061c800000, 0x000000061c800000, 0x000000061cc00000|  0%| F|  |TAMS 0x000000061c800000, 0x000000061c800000| Untracked 
|  65|0x000000061cc00000, 0x000000061cc00000, 0x000000061d000000|  0%| F|  |TAMS 0x000000061cc00000, 0x000000061cc00000| Untracked 
|  66|0x000000061d000000, 0x000000061d000000, 0x000000061d400000|  0%| F|  |TAMS 0x000000061d000000, 0x000000061d000000| Untracked 
|  67|0x000000061d400000, 0x000000061d400000, 0x000000061d800000|  0%| F|  |TAMS 0x000000061d400000, 0x000000061d400000| Untracked 
|  68|0x000000061d800000, 0x000000061d800000, 0x000000061dc00000|  0%| F|  |TAMS 0x000000061d800000, 0x000000061d800000| Untracked 
|  69|0x000000061dc00000, 0x000000061dc00000, 0x000000061e000000|  0%| F|  |TAMS 0x000000061dc00000, 0x000000061dc00000| Untracked 
|  70|0x000000061e000000, 0x000000061e000000, 0x000000061e400000|  0%| F|  |TAMS 0x000000061e000000, 0x000000061e000000| Untracked 
|  71|0x000000061e400000, 0x000000061e400000, 0x000000061e800000|  0%| F|  |TAMS 0x000000061e400000, 0x000000061e400000| Untracked 
|  72|0x000000061e800000, 0x000000061e800000, 0x000000061ec00000|  0%| F|  |TAMS 0x000000061e800000, 0x000000061e800000| Untracked 
|  73|0x000000061ec00000, 0x000000061ec00000, 0x000000061f000000|  0%| F|  |TAMS 0x000000061ec00000, 0x000000061ec00000| Untracked 
|  74|0x000000061f000000, 0x000000061f000000, 0x000000061f400000|  0%| F|  |TAMS 0x000000061f000000, 0x000000061f000000| Untracked 
|  75|0x000000061f400000, 0x000000061f400000, 0x000000061f800000|  0%| F|  |TAMS 0x000000061f400000, 0x000000061f400000| Untracked 
|  76|0x000000061f800000, 0x000000061f800000, 0x000000061fc00000|  0%| F|  |TAMS 0x000000061f800000, 0x000000061f800000| Untracked 
|  77|0x000000061fc00000, 0x000000061fc00000, 0x0000000620000000|  0%| F|  |TAMS 0x000000061fc00000, 0x000000061fc00000| Untracked 
|  78|0x0000000620000000, 0x0000000620000000, 0x0000000620400000|  0%| F|  |TAMS 0x0000000620000000, 0x0000000620000000| Untracked 
|  79|0x0000000620400000, 0x0000000620400000, 0x0000000620800000|  0%| F|  |TAMS 0x0000000620400000, 0x0000000620400000| Untracked 
|  80|0x0000000620800000, 0x0000000620800000, 0x0000000620c00000|  0%| F|  |TAMS 0x0000000620800000, 0x0000000620800000| Untracked 
|  81|0x0000000620c00000, 0x0000000620c00000, 0x0000000621000000|  0%| F|  |TAMS 0x0000000620c00000, 0x0000000620c00000| Untracked 
|  82|0x0000000621000000, 0x0000000621000000, 0x0000000621400000|  0%| F|  |TAMS 0x0000000621000000, 0x0000000621000000| Untracked 
|  83|0x0000000621400000, 0x0000000621400000, 0x0000000621800000|  0%| F|  |TAMS 0x0000000621400000, 0x0000000621400000| Untracked 
|  84|0x0000000621800000, 0x0000000621800000, 0x0000000621c00000|  0%| F|  |TAMS 0x0000000621800000, 0x0000000621800000| Untracked 
|  85|0x0000000621c00000, 0x0000000621c00000, 0x0000000622000000|  0%| F|  |TAMS 0x0000000621c00000, 0x0000000621c00000| Untracked 
|  86|0x0000000622000000, 0x0000000622000000, 0x0000000622400000|  0%| F|  |TAMS 0x0000000622000000, 0x0000000622000000| Untracked 
|  87|0x0000000622400000, 0x0000000622400000, 0x0000000622800000|  0%| F|  |TAMS 0x0000000622400000, 0x0000000622400000| Untracked 
|  88|0x0000000622800000, 0x0000000622800000, 0x0000000622c00000|  0%| F|  |TAMS 0x0000000622800000, 0x0000000622800000| Untracked 
|  89|0x0000000622c00000, 0x0000000622c00000, 0x0000000623000000|  0%| F|  |TAMS 0x0000000622c00000, 0x0000000622c00000| Untracked 
|  90|0x0000000623000000, 0x0000000623000000, 0x0000000623400000|  0%| F|  |TAMS 0x0000000623000000, 0x0000000623000000| Untracked 
|  91|0x0000000623400000, 0x0000000623400000, 0x0000000623800000|  0%| F|  |TAMS 0x0000000623400000, 0x0000000623400000| Untracked 
|  92|0x0000000623800000, 0x0000000623800000, 0x0000000623c00000|  0%| F|  |TAMS 0x0000000623800000, 0x0000000623800000| Untracked 
|  93|0x0000000623c00000, 0x0000000623c00000, 0x0000000624000000|  0%| F|  |TAMS 0x0000000623c00000, 0x0000000623c00000| Untracked 
|  94|0x0000000624000000, 0x0000000624000000, 0x0000000624400000|  0%| F|  |TAMS 0x0000000624000000, 0x0000000624000000| Untracked 
|  95|0x0000000624400000, 0x0000000624400000, 0x0000000624800000|  0%| F|  |TAMS 0x0000000624400000, 0x0000000624400000| Untracked 
|  96|0x0000000624800000, 0x0000000624800000, 0x0000000624c00000|  0%| F|  |TAMS 0x0000000624800000, 0x0000000624800000| Untracked 
|  97|0x0000000624c00000, 0x0000000624c00000, 0x0000000625000000|  0%| F|  |TAMS 0x0000000624c00000, 0x0000000624c00000| Untracked 
|  98|0x0000000625000000, 0x0000000625000000, 0x0000000625400000|  0%| F|  |TAMS 0x0000000625000000, 0x0000000625000000| Untracked 
|  99|0x0000000625400000, 0x0000000625400000, 0x0000000625800000|  0%| F|  |TAMS 0x0000000625400000, 0x0000000625400000| Untracked 
| 100|0x0000000625800000, 0x0000000625800000, 0x0000000625c00000|  0%| F|  |TAMS 0x0000000625800000, 0x0000000625800000| Untracked 
| 101|0x0000000625c00000, 0x0000000625c00000, 0x0000000626000000|  0%| F|  |TAMS 0x0000000625c00000, 0x0000000625c00000| Untracked 
| 102|0x0000000626000000, 0x0000000626000000, 0x0000000626400000|  0%| F|  |TAMS 0x0000000626000000, 0x0000000626000000| Untracked 
| 103|0x0000000626400000, 0x0000000626400000, 0x0000000626800000|  0%| F|  |TAMS 0x0000000626400000, 0x0000000626400000| Untracked 
| 104|0x0000000626800000, 0x0000000626800000, 0x0000000626c00000|  0%| F|  |TAMS 0x0000000626800000, 0x0000000626800000| Untracked 
| 105|0x0000000626c00000, 0x0000000626c00000, 0x0000000627000000|  0%| F|  |TAMS 0x0000000626c00000, 0x0000000626c00000| Untracked 
| 106|0x0000000627000000, 0x0000000627000000, 0x0000000627400000|  0%| F|  |TAMS 0x0000000627000000, 0x0000000627000000| Untracked 
| 107|0x0000000627400000, 0x0000000627400000, 0x0000000627800000|  0%| F|  |TAMS 0x0000000627400000, 0x0000000627400000| Untracked 
| 108|0x0000000627800000, 0x0000000627800000, 0x0000000627c00000|  0%| F|  |TAMS 0x0000000627800000, 0x0000000627800000| Untracked 
| 109|0x0000000627c00000, 0x0000000627c00000, 0x0000000628000000|  0%| F|  |TAMS 0x0000000627c00000, 0x0000000627c00000| Untracked 
| 110|0x0000000628000000, 0x0000000628000000, 0x0000000628400000|  0%| F|  |TAMS 0x0000000628000000, 0x0000000628000000| Untracked 
| 111|0x0000000628400000, 0x0000000628400000, 0x0000000628800000|  0%| F|  |TAMS 0x0000000628400000, 0x0000000628400000| Untracked 
| 112|0x0000000628800000, 0x0000000628800000, 0x0000000628c00000|  0%| F|  |TAMS 0x0000000628800000, 0x0000000628800000| Untracked 
| 113|0x0000000628c00000, 0x0000000628c00000, 0x0000000629000000|  0%| F|  |TAMS 0x0000000628c00000, 0x0000000628c00000| Untracked 
| 114|0x0000000629000000, 0x0000000629000000, 0x0000000629400000|  0%| F|  |TAMS 0x0000000629000000, 0x0000000629000000| Untracked 
| 115|0x0000000629400000, 0x0000000629400000, 0x0000000629800000|  0%| F|  |TAMS 0x0000000629400000, 0x0000000629400000| Untracked 
| 116|0x0000000629800000, 0x0000000629800000, 0x0000000629c00000|  0%| F|  |TAMS 0x0000000629800000, 0x0000000629800000| Untracked 
| 117|0x0000000629c00000, 0x0000000629c00000, 0x000000062a000000|  0%| F|  |TAMS 0x0000000629c00000, 0x0000000629c00000| Untracked 
| 118|0x000000062a000000, 0x000000062a000000, 0x000000062a400000|  0%| F|  |TAMS 0x000000062a000000, 0x000000062a000000| Untracked 
| 119|0x000000062a400000, 0x000000062a800000, 0x000000062a800000|100%| E|  |TAMS 0x000000062a400000, 0x000000062a400000| Complete 
| 120|0x000000062a800000, 0x000000062ac00000, 0x000000062ac00000|100%| E|CS|TAMS 0x000000062a800000, 0x000000062a800000| Complete 
| 121|0x000000062ac00000, 0x000000062b000000, 0x000000062b000000|100%| E|  |TAMS 0x000000062ac00000, 0x000000062ac00000| Complete 
| 122|0x000000062b000000, 0x000000062b400000, 0x000000062b400000|100%| E|CS|TAMS 0x000000062b000000, 0x000000062b000000| Complete 
| 123|0x000000062b400000, 0x000000062b800000, 0x000000062b800000|100%| E|CS|TAMS 0x000000062b400000, 0x000000062b400000| Complete 
| 124|0x000000062b800000, 0x000000062bc00000, 0x000000062bc00000|100%| E|CS|TAMS 0x000000062b800000, 0x000000062b800000| Complete 

Card table byte_map: [0x00000171c8020000,0x00000171c8fc0000] _byte_map_base: 0x00000171c4fbc000

Marking Bits (Prev, Next): (CMBitMap*) 0x00000171afa96630, (CMBitMap*) 0x00000171afa96670
 Prev Bits: [0x00000171c9f60000, 0x00000171d1c40000)
 Next Bits: [0x00000171d1c40000, 0x00000171d9920000)

Polling page: 0x00000171af1b0000

Metaspace:

Usage:
  Non-class:      7.18 MB used.
      Class:    604.71 KB used.
       Both:      7.77 MB used.

Virtual space:
  Non-class space:       64.00 MB reserved,       7.31 MB ( 11%) committed,  1 nodes.
      Class space:        1.00 GB reserved,     704.00 KB ( <1%) committed,  1 nodes.
             Both:        1.06 GB reserved,       8.00 MB ( <1%) committed. 

Chunk freelists:
   Non-Class:  8.30 MB
       Class:  15.14 MB
        Both:  23.44 MB

MaxMetaspaceSize: unlimited
CompressedClassSpaceSize: 1.00 GB
Initial GC threshold: 21.00 MB
Current GC threshold: 21.00 MB
CDS: on
MetaspaceReclaimPolicy: balanced
 - commit_granule_bytes: 65536.
 - commit_granule_words: 8192.
 - virtual_space_node_default_size: 8388608.
 - enlarge_chunks_in_place: 1.
 - new_chunks_are_fully_committed: 0.
 - uncommit_free_chunks: 1.
 - use_allocation_guard: 0.
 - handle_deallocations: 1.


Internal statistics:

num_allocs_failed_limit: 0.
num_arena_births: 138.
num_arena_deaths: 0.
num_vsnodes_births: 2.
num_vsnodes_deaths: 0.
num_space_committed: 126.
num_space_uncommitted: 0.
num_chunks_returned_to_freelist: 0.
num_chunks_taken_from_freelist: 270.
num_chunk_merges: 0.
num_chunk_splits: 181.
num_chunks_enlarged: 116.
num_inconsistent_stats: 0.

CodeHeap 'non-profiled nmethods': size=119168Kb used=325Kb max_used=325Kb free=118843Kb
 bounds [0x00000171bee40000, 0x00000171bf0b0000, 0x00000171c62a0000]
CodeHeap 'profiled nmethods': size=119104Kb used=1821Kb max_used=1821Kb free=117282Kb
 bounds [0x00000171b72a0000, 0x00000171b7510000, 0x00000171be6f0000]
CodeHeap 'non-nmethods': size=7488Kb used=3410Kb max_used=3427Kb free=4078Kb
 bounds [0x00000171be6f0000, 0x00000171bea50000, 0x00000171bee40000]
 total_blobs=2272 nmethods=1098 adapters=1084
 compilation: enabled
              stopped_count=0, restarted_count=0
 full_count=0

Compilation events (20 events):
Event: 0.658 Thread 0x000001721e09fbe0 1089       4       java.awt.image.ComponentColorModel::getRGB (161 bytes)
Event: 0.658 Thread 0x000001722a8c5250 1090       4       java.awt.image.ComponentColorModel::getAlpha (238 bytes)
Event: 0.659 Thread 0x000001722a8c5250 nmethod 1090 0x00000171bee8c590 code [0x00000171bee8c720, 0x00000171bee8c8b8]
Event: 0.659 Thread 0x000001722a8c5250 1091       4       java.awt.Color::<init> (33 bytes)
Event: 0.659 Thread 0x000001721e09fbe0 nmethod 1089 0x00000171bee8cb10 code [0x00000171bee8ccc0, 0x00000171bee8d028]
Event: 0.659 Thread 0x000001721e09fbe0 1092       4       java.awt.Color::getRed (12 bytes)
Event: 0.659 Thread 0x000001722a8c5250 nmethod 1091 0x00000171bee8d510 code [0x00000171bee8d680, 0x00000171bee8d818]
Event: 0.659 Thread 0x000001722a8c5250 1093       4       java.awt.Color::getGreen (12 bytes)
Event: 0.660 Thread 0x000001721e09fbe0 nmethod 1092 0x00000171bee8d890 code [0x00000171bee8da00, 0x00000171bee8da78]
Event: 0.660 Thread 0x000001721e09fbe0 1094       4       java.awt.Color::getBlue (11 bytes)
Event: 0.660 Thread 0x000001722a8c5250 nmethod 1093 0x00000171bee8db90 code [0x00000171bee8dd00, 0x00000171bee8dd78]
Event: 0.660 Thread 0x000001722a8c5250 1095       4       java.awt.Color::getAlpha (12 bytes)
Event: 0.660 Thread 0x000001721e09fbe0 nmethod 1094 0x00000171bee8de90 code [0x00000171bee8e000, 0x00000171bee8e078]
Event: 0.660 Thread 0x000001722a8c5250 nmethod 1095 0x00000171bee8e190 code [0x00000171bee8e300, 0x00000171bee8e378]
Event: 0.661 Thread 0x000001722aac9710 nmethod 1088 0x00000171bee8e490 code [0x00000171bee8e660, 0x00000171bee8ee48]
Event: 0.665 Thread 0x000001721e0a8ab0 1096 %     3       KanapkaEngine.Game.Texture::setTexture @ 98 (211 bytes)
Event: 0.665 Thread 0x000001721e0a8ab0 nmethod 1096% 0x00000171b7464590 code [0x00000171b74648a0, 0x00000171b7465928]
Event: 0.665 Thread 0x000001721e1b7fa0 1097       3       KanapkaEngine.Game.Texture::setTexture (211 bytes)
Event: 0.666 Thread 0x000001721e1b7fa0 nmethod 1097 0x00000171b7465f10 code [0x00000171b7466200, 0x00000171b7467188]
Event: 0.667 Thread 0x000001722a8c5250 1098 %     4       KanapkaEngine.Game.Texture::setTexture @ 98 (211 bytes)

GC Heap History (0 events):
No events

Deoptimization events (20 events):
Event: 0.054 Thread 0x00000171af9e8720 DEOPT PACKING pc=0x00000171b72d048c sp=0x00000056a66fdf60
Event: 0.054 Thread 0x00000171af9e8720 DEOPT UNPACKING pc=0x00000171be7466e3 sp=0x00000056a66fd3f0 mode 0
Event: 0.063 Thread 0x00000171af9e8720 Uncommon trap: trap_request=0xffffff45 fr.pc=0x00000171bee4ec5c relative=0x000000000000005c
Event: 0.063 Thread 0x00000171af9e8720 Uncommon trap: reason=unstable_if action=reinterpret pc=0x00000171bee4ec5c method=java.lang.String.isLatin1()Z @ 10 c2
Event: 0.063 Thread 0x00000171af9e8720 DEOPT PACKING pc=0x00000171bee4ec5c sp=0x00000056a66fe4d0
Event: 0.063 Thread 0x00000171af9e8720 DEOPT UNPACKING pc=0x00000171be745ba3 sp=0x00000056a66fe460 mode 2
Event: 0.064 Thread 0x00000171af9e8720 Uncommon trap: trap_request=0xffffff45 fr.pc=0x00000171bee4f4f8 relative=0x0000000000000078
Event: 0.064 Thread 0x00000171af9e8720 Uncommon trap: reason=unstable_if action=reinterpret pc=0x00000171bee4f4f8 method=java.lang.String.isLatin1()Z @ 10 c2
Event: 0.064 Thread 0x00000171af9e8720 DEOPT PACKING pc=0x00000171bee4f4f8 sp=0x00000056a66feeb0
Event: 0.064 Thread 0x00000171af9e8720 DEOPT UNPACKING pc=0x00000171be745ba3 sp=0x00000056a66fedf0 mode 2
Event: 0.152 Thread 0x00000171af9e8720 Uncommon trap: trap_request=0xffffff45 fr.pc=0x00000171bee4d1e8 relative=0x0000000000000888
Event: 0.152 Thread 0x00000171af9e8720 Uncommon trap: reason=unstable_if action=reinterpret pc=0x00000171bee4d1e8 method=java.util.HashMap.putVal(ILjava/lang/Object;Ljava/lang/Object;ZZ)Ljava/lang/Object; @ 181 c2
Event: 0.152 Thread 0x00000171af9e8720 DEOPT PACKING pc=0x00000171bee4d1e8 sp=0x00000056a66fdff0
Event: 0.152 Thread 0x00000171af9e8720 DEOPT UNPACKING pc=0x00000171be745ba3 sp=0x00000056a66fdf90 mode 2
Event: 0.183 Thread 0x00000171af9e8720 DEOPT PACKING pc=0x00000171b72ccc67 sp=0x00000056a66fea60
Event: 0.184 Thread 0x00000171af9e8720 DEOPT UNPACKING pc=0x00000171be7466e3 sp=0x00000056a66fde80 mode 0
Event: 0.618 Thread 0x00000171af9e8720 Uncommon trap: trap_request=0xffffff54 fr.pc=0x00000171bee8665c relative=0x000000000000005c
Event: 0.618 Thread 0x00000171af9e8720 Uncommon trap: reason=speculate_null_assert action=make_not_entrant pc=0x00000171bee8665c method=sun.misc.Unsafe.getLong(Ljava/lang/Object;J)J @ 5 c2
Event: 0.618 Thread 0x00000171af9e8720 DEOPT PACKING pc=0x00000171bee8665c sp=0x00000056a66fed60
Event: 0.618 Thread 0x00000171af9e8720 DEOPT UNPACKING pc=0x00000171be745ba3 sp=0x00000056a66fece8 mode 2

Classes unloaded (0 events):
No events

Classes redefined (0 events):
No events

Internal exceptions (20 events):
Event: 0.155 Thread 0x00000171af9e8720 Exception <a 'java/lang/NoSuchMethodError'{0x000000062b643fc8}: 'java.lang.Object java.lang.invoke.DirectMethodHandle$Holder.invokeStaticInit(java.lang.Object, int, int, int, int)'> (0x000000062b643fc8) 
thrown [s\open\src\hotspot\share\interpreter\linkResolver.cpp, line 759]
Event: 0.182 Thread 0x00000171af9e8720 Exception <a 'java/lang/NoSuchMethodError'{0x000000062b711528}: 'java.lang.Object java.lang.invoke.DirectMethodHandle$Holder.invokeStaticInit(java.lang.Object, java.lang.Object, int, int, int, int)'> (0x000000062b711528) 
thrown [s\open\src\hotspot\share\interpreter\linkResolver.cpp, line 759]
Event: 0.324 Thread 0x00000171af9e8720 Exception <a 'java/lang/NoSuchMethodError'{0x000000062b2997e0}: 'void java.lang.invoke.DirectMethodHandle$Holder.invokeSpecial(java.lang.Object, java.lang.Object, java.lang.Object)'> (0x000000062b2997e0) 
thrown [s\open\src\hotspot\share\interpreter\linkResolver.cpp, line 759]
Event: 0.325 Thread 0x00000171af9e8720 Exception <a 'java/lang/NoSuchMethodError'{0x000000062b2a7eb0}: 'java.lang.Object java.lang.invoke.DirectMethodHandle$Holder.invokeStatic(java.lang.Object, java.lang.Object, int)'> (0x000000062b2a7eb0) 
thrown [s\open\src\hotspot\share\interpreter\linkResolver.cpp, line 759]
Event: 0.325 Thread 0x00000171af9e8720 Exception <a 'java/lang/NoSuchMethodError'{0x000000062b2b3ba0}: 'void java.lang.invoke.DelegatingMethodHandle$Holder.delegate(java.lang.Object, java.lang.Object, int, java.lang.Object)'> (0x000000062b2b3ba0) 
thrown [s\open\src\hotspot\share\interpreter\linkResolver.cpp, line 759]
Event: 0.326 Thread 0x00000171af9e8720 Exception <a 'java/lang/NoSuchMethodError'{0x000000062b2b7bd8}: 'int java.lang.invoke.DirectMethodHandle$Holder.invokeSpecial(java.lang.Object, java.lang.Object, java.lang.Object)'> (0x000000062b2b7bd8) 
thrown [s\open\src\hotspot\share\interpreter\linkResolver.cpp, line 759]
Event: 0.339 Thread 0x00000171af9e8720 Exception <a 'sun/nio/fs/WindowsException'{0x000000062b305300}> (0x000000062b305300) 
thrown [s\open\src\hotspot\share\prims\jni.cpp, line 516]
Event: 0.339 Thread 0x00000171af9e8720 Exception <a 'sun/nio/fs/WindowsException'{0x000000062b305650}> (0x000000062b305650) 
thrown [s\open\src\hotspot\share\prims\jni.cpp, line 516]
Event: 0.349 Thread 0x00000171af9e8720 Exception <a 'sun/nio/fs/WindowsException'{0x000000062b340008}> (0x000000062b340008) 
thrown [s\open\src\hotspot\share\prims\jni.cpp, line 516]
Event: 0.349 Thread 0x00000171af9e8720 Exception <a 'sun/nio/fs/WindowsException'{0x000000062b340368}> (0x000000062b340368) 
thrown [s\open\src\hotspot\share\prims\jni.cpp, line 516]
Event: 0.355 Thread 0x00000171af9e8720 Exception <a 'java/lang/NoSuchMethodError'{0x000000062b38b858}: 'int java.lang.invoke.DirectMethodHandle$Holder.invokeStaticInit(java.lang.Object, java.lang.Object, int, long)'> (0x000000062b38b858) 
thrown [s\open\src\hotspot\share\interpreter\linkResolver.cpp, line 759]
Event: 0.355 Thread 0x00000171af9e8720 Exception <a 'java/lang/NoSuchMethodError'{0x000000062b391120}: 'java.lang.Object java.lang.invoke.DirectMethodHandle$Holder.newInvokeSpecial(java.lang.Object, java.lang.Object, int)'> (0x000000062b391120) 
thrown [s\open\src\hotspot\share\interpreter\linkResolver.cpp, line 759]
Event: 0.356 Thread 0x00000171af9e8720 Exception <a 'java/lang/NoSuchMethodError'{0x000000062b3a00e0}: 'int java.lang.invoke.DirectMethodHandle$Holder.invokeStaticInit(java.lang.Object, java.lang.Object, long, long)'> (0x000000062b3a00e0) 
thrown [s\open\src\hotspot\share\interpreter\linkResolver.cpp, line 759]
Event: 0.356 Thread 0x00000171af9e8720 Exception <a 'java/lang/NoSuchMethodError'{0x000000062b3a5e68}: 'java.lang.Object java.lang.invoke.DirectMethodHandle$Holder.newInvokeSpecial(java.lang.Object, java.lang.Object, long)'> (0x000000062b3a5e68) 
thrown [s\open\src\hotspot\share\interpreter\linkResolver.cpp, line 759]
Event: 0.356 Thread 0x00000171af9e8720 Exception <a 'java/lang/NoSuchMethodError'{0x000000062b3a99d8}: 'java.lang.Object java.lang.invoke.Invokers$Holder.linkToTargetMethod(java.lang.Object, long, java.lang.Object)'> (0x000000062b3a99d8) 
thrown [s\open\src\hotspot\share\interpreter\linkResolver.cpp, line 759]
Event: 0.357 Thread 0x00000171af9e8720 Exception <a 'java/lang/NoSuchMethodError'{0x000000062b3b0fd8}: 'int java.lang.invoke.DirectMethodHandle$Holder.invokeStaticInit(java.lang.Object, java.lang.Object, java.lang.Object, long)'> (0x000000062b3b0fd8) 
thrown [s\open\src\hotspot\share\interpreter\linkResolver.cpp, line 759]
Event: 0.602 Thread 0x00000171af9e8720 Exception <a 'sun/nio/fs/WindowsException'{0x000000062acb5cb0}> (0x000000062acb5cb0) 
thrown [s\open\src\hotspot\share\prims\jni.cpp, line 516]
Event: 0.603 Thread 0x00000171af9e8720 Exception <a 'sun/nio/fs/WindowsException'{0x000000062acb6050}> (0x000000062acb6050) 
thrown [s\open\src\hotspot\share\prims\jni.cpp, line 516]
Event: 0.605 Thread 0x00000171af9e8720 Exception <a 'sun/nio/fs/WindowsException'{0x000000062acbfe98}> (0x000000062acbfe98) 
thrown [s\open\src\hotspot\share\prims\jni.cpp, line 516]
Event: 0.605 Thread 0x00000171af9e8720 Exception <a 'sun/nio/fs/WindowsException'{0x000000062acc0168}> (0x000000062acc0168) 
thrown [s\open\src\hotspot\share\prims\jni.cpp, line 516]

VM Operations (8 events):
Event: 0.035 Executing VM operation: HandshakeAllThreads
Event: 0.035 Executing VM operation: HandshakeAllThreads done
Event: 0.065 Executing VM operation: HandshakeAllThreads
Event: 0.065 Executing VM operation: HandshakeAllThreads done
Event: 0.126 Executing VM operation: HandshakeAllThreads
Event: 0.126 Executing VM operation: HandshakeAllThreads done
Event: 0.333 Executing VM operation: HandshakeAllThreads
Event: 0.333 Executing VM operation: HandshakeAllThreads done

Events (20 events):
Event: 0.354 loading class jdk/internal/reflect/UnsafeQualifiedStaticFieldAccessorImpl done
Event: 0.354 loading class jdk/internal/reflect/UnsafeQualifiedStaticObjectFieldAccessorImpl done
Event: 0.354 loading class java/util/function/LongPredicate
Event: 0.354 loading class java/util/function/LongPredicate done
Event: 0.355 loading class jdk/internal/access/foreign/MemorySegmentProxy
Event: 0.355 loading class jdk/internal/access/foreign/MemorySegmentProxy done
Event: 0.357 loading class java/nio/InvalidMarkException
Event: 0.357 loading class java/nio/InvalidMarkException done
Event: 0.357 loading class java/nio/BufferUnderflowException
Event: 0.357 loading class java/nio/BufferUnderflowException done
Event: 0.589 Thread 0x000001721e210ce0 Thread exited: 0x000001721e210ce0
Event: 0.592 loading class java/util/Formatter$FixedString
Event: 0.592 loading class java/util/Formatter$FixedString done
Event: 0.603 Loaded shared library C:\Users\frane\AppData\Local\Temp\lwjgl_frane\3.3.4+7\x64\lwjgl_opengl.dll
Event: 0.608 Thread 0x000001722aac9710 Thread added: 0x000001722aac9710
Event: 0.653 loading class java/awt/Color
Event: 0.653 loading class java/awt/Paint
Event: 0.653 loading class java/awt/Paint done
Event: 0.653 loading class java/awt/Color done
Event: 0.658 Thread 0x000001722a8c5250 Thread added: 0x000001722a8c5250


Dynamic libraries:
0x00007ff6d9380000 - 0x00007ff6d9390000 	C:\Program Files\Java\jdk-17\bin\java.exe
0x00007fff12ab0000 - 0x00007fff12cc7000 	C:\Windows\SYSTEM32\ntdll.dll
0x00007fff116b0000 - 0x00007fff11774000 	C:\Windows\System32\KERNEL32.DLL
0x00007fff0fdc0000 - 0x00007fff10177000 	C:\Windows\System32\KERNELBASE.dll
0x00007fff10320000 - 0x00007fff10431000 	C:\Windows\System32\ucrtbase.dll
0x00007fff05520000 - 0x00007fff0553b000 	C:\Program Files\Java\jdk-17\bin\VCRUNTIME140.dll
0x00007fff04840000 - 0x00007fff04859000 	C:\Program Files\Java\jdk-17\bin\jli.dll
0x00007fff115b0000 - 0x00007fff11662000 	C:\Windows\System32\ADVAPI32.dll
0x00007fff10830000 - 0x00007fff108d7000 	C:\Windows\System32\msvcrt.dll
0x00007fff11fd0000 - 0x00007fff12078000 	C:\Windows\System32\sechost.dll
0x00007fff10180000 - 0x00007fff101a8000 	C:\Windows\System32\bcrypt.dll
0x00007fff113a0000 - 0x00007fff114b4000 	C:\Windows\System32\RPCRT4.dll
0x00007fff11d90000 - 0x00007fff11f3f000 	C:\Windows\System32\USER32.dll
0x00007fff10620000 - 0x00007fff10646000 	C:\Windows\System32\win32u.dll
0x00007fff063b0000 - 0x00007fff06643000 	C:\Windows\WinSxS\amd64_microsoft.windows.common-controls_6595b64144ccf1df_6.0.22621.3672_none_2713b9d173822955\COMCTL32.dll
0x00007fff10f40000 - 0x00007fff10f69000 	C:\Windows\System32\GDI32.dll
0x00007fff10500000 - 0x00007fff10618000 	C:\Windows\System32\gdi32full.dll
0x00007fff106c0000 - 0x00007fff1075a000 	C:\Windows\System32\msvcp_win.dll
0x00007fff058b0000 - 0x00007fff058ba000 	C:\Windows\SYSTEM32\VERSION.dll
0x00007fff11670000 - 0x00007fff116a1000 	C:\Windows\System32\IMM32.DLL
0x00007fff04910000 - 0x00007fff0491c000 	C:\Program Files\Java\jdk-17\bin\vcruntime140_1.dll
0x00007fff02b20000 - 0x00007fff02bae000 	C:\Program Files\Java\jdk-17\bin\msvcp140.dll
0x00007ffe4c4e0000 - 0x00007ffe4d0c0000 	C:\Program Files\Java\jdk-17\bin\server\jvm.dll
0x00007fff10ba0000 - 0x00007fff10ba8000 	C:\Windows\System32\PSAPI.DLL
0x00007fff04090000 - 0x00007fff04099000 	C:\Windows\SYSTEM32\WSOCK32.dll
0x00007fff0c020000 - 0x00007fff0c054000 	C:\Windows\SYSTEM32\WINMM.dll
0x00007fff12180000 - 0x00007fff121f1000 	C:\Windows\System32\WS2_32.dll
0x00007fff0ede0000 - 0x00007fff0edf8000 	C:\Windows\SYSTEM32\kernel.appcore.dll
0x00007fff04310000 - 0x00007fff0431a000 	C:\Program Files\Java\jdk-17\bin\jimage.dll
0x00007fff0c8b0000 - 0x00007fff0cae2000 	C:\Windows\SYSTEM32\DBGHELP.DLL
0x00007fff10bb0000 - 0x00007fff10f3e000 	C:\Windows\System32\combase.dll
0x00007fff120a0000 - 0x00007fff12177000 	C:\Windows\System32\OLEAUT32.dll
0x00007fff0c870000 - 0x00007fff0c8a2000 	C:\Windows\SYSTEM32\dbgcore.DLL
0x00007fff10760000 - 0x00007fff107db000 	C:\Windows\System32\bcryptPrimitives.dll
0x00007fff04300000 - 0x00007fff0430e000 	C:\Program Files\Java\jdk-17\bin\instrument.dll
0x00007fff02af0000 - 0x00007fff02b15000 	C:\Program Files\Java\jdk-17\bin\java.dll
0x00007ffeeeae0000 - 0x00007ffeeebb7000 	C:\Program Files\Java\jdk-17\bin\jsvml.dll
0x00007fff12200000 - 0x00007fff12a69000 	C:\Windows\System32\SHELL32.dll
0x00007fff0dce0000 - 0x00007fff0e5df000 	C:\Windows\SYSTEM32\windows.storage.dll
0x00007fff0dba0000 - 0x00007fff0dcdf000 	C:\Windows\SYSTEM32\wintypes.dll
0x00007fff10aa0000 - 0x00007fff10b99000 	C:\Windows\System32\SHCORE.dll
0x00007fff11f40000 - 0x00007fff11f9e000 	C:\Windows\System32\shlwapi.dll
0x00007fff0fcf0000 - 0x00007fff0fd17000 	C:\Windows\SYSTEM32\profapi.dll
0x00007ffef85e0000 - 0x00007ffef85f8000 	C:\Program Files\Java\jdk-17\bin\zip.dll
0x00007fff029e0000 - 0x00007fff029f9000 	C:\Program Files\Java\jdk-17\bin\net.dll
0x00007fff08ab0000 - 0x00007fff08be6000 	C:\Windows\SYSTEM32\WINHTTP.dll
0x00007fff0f260000 - 0x00007fff0f2c9000 	C:\Windows\system32\mswsock.dll
0x00007ffef8600000 - 0x00007ffef8616000 	C:\Program Files\Java\jdk-17\bin\nio.dll
0x00007ffef84d0000 - 0x00007ffef84ea000 	C:\Program Files\JetBrains\IntelliJ IDEA Community Edition 2024.2.3\bin\breakgen64.dll
0x00007fff026a0000 - 0x00007fff026b0000 	C:\Program Files\Java\jdk-17\bin\verify.dll
0x00007ffef6d80000 - 0x00007ffef6d92000 	C:\Program Files\Java\jdk-17\bin\jsound.dll
0x00007fff111f0000 - 0x00007fff11395000 	C:\Windows\System32\ole32.dll
0x00007ffeeb500000 - 0x00007ffeeb5a2000 	C:\Windows\SYSTEM32\DSOUND.dll
0x00007fff0fae0000 - 0x00007fff0fb2d000 	C:\Windows\SYSTEM32\powrprof.dll
0x00007ffec6560000 - 0x00007ffec6611000 	C:\Windows\SYSTEM32\ResampleDmo.DLL
0x00007ffeeac90000 - 0x00007ffeeacb9000 	C:\Windows\SYSTEM32\winmmbase.dll
0x00007fff0c2a0000 - 0x00007fff0c2ab000 	C:\Windows\SYSTEM32\msdmo.dll
0x00007fff0fac0000 - 0x00007fff0fad3000 	C:\Windows\SYSTEM32\UMPDC.dll
0x00007fff0d260000 - 0x00007fff0d311000 	C:\Windows\system32\uxtheme.dll
0x00007fff11140000 - 0x00007fff111f0000 	C:\Windows\System32\clbcatq.dll
0x00007ffef9b30000 - 0x00007ffef9bce000 	C:\Windows\System32\MMDevApi.dll
0x00007fff0fa10000 - 0x00007fff0fa3c000 	C:\Windows\System32\DEVOBJ.dll
0x00007fff0fa40000 - 0x00007fff0fa8e000 	C:\Windows\SYSTEM32\cfgmgr32.dll
0x00007fff05550000 - 0x00007fff05596000 	C:\Windows\SYSTEM32\wdmaud.drv
0x00007fff0c830000 - 0x00007fff0c839000 	C:\Windows\SYSTEM32\ksuser.dll
0x00007fff07810000 - 0x00007fff0781b000 	C:\Windows\SYSTEM32\AVRT.dll
0x00007ffef5b60000 - 0x00007ffef5d4d000 	C:\Windows\SYSTEM32\AUDIOSES.DLL
0x00007fff0c540000 - 0x00007fff0c54e000 	C:\Windows\SYSTEM32\msacm32.drv
0x00007fff0c520000 - 0x00007fff0c53e000 	C:\Windows\SYSTEM32\MSACM32.dll
0x00007fff0c420000 - 0x00007fff0c42b000 	C:\Windows\SYSTEM32\midimap.dll
0x00007fff0d860000 - 0x00007fff0d875000 	C:\Windows\SYSTEM32\resourcepolicyclient.dll
0x00007ffeb8dd0000 - 0x00007ffeb8f61000 	C:\Program Files\Java\jdk-17\bin\awt.dll
0x00007fff0b900000 - 0x00007fff0b997000 	C:\Windows\SYSTEM32\apphelp.dll
0x00007fff0f4d0000 - 0x00007fff0f4eb000 	C:\Windows\SYSTEM32\CRYPTSP.dll
0x00007fff0ed40000 - 0x00007fff0ed75000 	C:\Windows\system32\rsaenh.dll
0x00007fff0f370000 - 0x00007fff0f398000 	C:\Windows\SYSTEM32\USERENV.dll
0x00007fff0f4f0000 - 0x00007fff0f4fc000 	C:\Windows\SYSTEM32\CRYPTBASE.dll
0x00007fff0e840000 - 0x00007fff0e86d000 	C:\Windows\SYSTEM32\IPHLPAPI.DLL
0x00007fff11800000 - 0x00007fff11809000 	C:\Windows\System32\NSI.dll
0x00007fff089c0000 - 0x00007fff089d9000 	C:\Windows\SYSTEM32\dhcpcsvc6.DLL
0x00007fff089e0000 - 0x00007fff089ff000 	C:\Windows\SYSTEM32\dhcpcsvc.DLL
0x00007fff0e870000 - 0x00007fff0e972000 	C:\Windows\SYSTEM32\DNSAPI.dll
0x00007fff10f70000 - 0x00007fff110d0000 	C:\Windows\System32\MSCTF.dll
0x00007fff0d500000 - 0x00007fff0d52b000 	C:\Windows\system32\DWMAPI.DLL
0x00007ffebd6b0000 - 0x00007ffebd7b0000 	C:\Windows\system32\opengl32.dll
0x00007ffedd0b0000 - 0x00007ffedd0dd000 	C:\Windows\SYSTEM32\GLU32.dll
0x00007fff0d380000 - 0x00007fff0d3b7000 	C:\Windows\SYSTEM32\dxcore.dll
0x00007ffebd500000 - 0x00007ffebd6a8000 	C:\Windows\system32\d3d9.dll
0x00007fff0bef0000 - 0x00007fff0bfac000 	C:\Windows\System32\DriverStore\FileRepository\nvam.inf_amd64_911afd82178f0a08\nvldumdx.dll
0x00007fff0f530000 - 0x00007fff0f542000 	C:\Windows\SYSTEM32\msasn1.dll
0x00007ffefe650000 - 0x00007ffefe682000 	C:\Windows\SYSTEM32\cryptnet.dll
0x00007fff101b0000 - 0x00007fff10316000 	C:\Windows\System32\CRYPT32.dll
0x00007ffefe4a0000 - 0x00007ffefe602000 	C:\Windows\SYSTEM32\drvstore.dll
0x00007fff0f610000 - 0x00007fff0f659000 	C:\Windows\SYSTEM32\wldp.dll
0x00007fff10650000 - 0x00007fff106bc000 	C:\Windows\System32\wintrust.dll
0x00007fff12080000 - 0x00007fff1209f000 	C:\Windows\System32\imagehlp.dll
0x00007ffed1430000 - 0x00007ffed361b000 	C:\Windows\System32\DriverStore\FileRepository\nvam.inf_amd64_911afd82178f0a08\nvgpucomp64.dll
0x00007ffe7a330000 - 0x00007ffe7ccf2000 	C:\Windows\System32\DriverStore\FileRepository\nvam.inf_amd64_911afd82178f0a08\nvd3dumx.dll
0x00007fff09150000 - 0x00007fff09199000 	C:\Windows\SYSTEM32\directxdatabasehelper.dll
0x00007ffe9cb80000 - 0x00007ffe9ce51000 	C:\Windows\system32\nvspcap64.dll
0x00007fff0ef00000 - 0x00007fff0ef34000 	C:\Windows\SYSTEM32\ntmarta.dll
0x00007fff0f2f0000 - 0x00007fff0f316000 	C:\Windows\SYSTEM32\gpapi.dll
0x00007ffeb8b50000 - 0x00007ffeb8bcb000 	C:\Users\frane\AppData\Local\Temp\lwjgl_frane\3.3.4+7\x64\lwjgl.dll
0x00007ffe9c680000 - 0x00007ffe9c705000 	C:\Users\frane\AppData\Local\Temp\lwjgl_frane\3.3.4+7\x64\glfw.dll
0x00007ffef3f70000 - 0x00007ffef3fb6000 	C:\Windows\SYSTEM32\dinput8.dll
0x00007ffee2680000 - 0x00007ffee2691000 	C:\Windows\SYSTEM32\xinput1_4.dll
0x00007ffef4500000 - 0x00007ffef4713000 	C:\Windows\SYSTEM32\inputhost.dll
0x00007fff0cb40000 - 0x00007fff0cc73000 	C:\Windows\SYSTEM32\CoreMessaging.dll
0x00007fff07590000 - 0x00007fff076d4000 	C:\Windows\System32\AppXDeploymentClient.dll
0x00007ffe46b50000 - 0x00007ffe49740000 	C:\Windows\System32\DriverStore\FileRepository\nvam.inf_amd64_911afd82178f0a08\nvoglv64.dll
0x00007fff11910000 - 0x00007fff11d84000 	C:\Windows\System32\SETUPAPI.dll
0x00007fff0eba0000 - 0x00007fff0ebb4000 	C:\Windows\SYSTEM32\WTSAPI32.dll
0x00007fff0f5a0000 - 0x00007fff0f606000 	C:\Windows\SYSTEM32\WINSTA.dll
0x00007ffefc580000 - 0x00007ffefc6c3000 	C:\Windows\SYSTEM32\textinputframework.dll
0x00007fff06710000 - 0x00007fff06a7d000 	C:\Windows\SYSTEM32\CoreUIComponents.dll
0x00007ffe9c610000 - 0x00007ffe9c671000 	C:\Users\frane\AppData\Local\Temp\lwjgl_frane\3.3.4+7\x64\lwjgl_opengl.dll

dbghelp: loaded successfully - version: 4.0.5 - missing functions: none
symbol engine: initialized successfully - sym options: 0x614 - pdb path: .;C:\Program Files\Java\jdk-17\bin;C:\Windows\SYSTEM32;C:\Windows\WinSxS\amd64_microsoft.windows.common-controls_6595b64144ccf1df_6.0.22621.3672_none_2713b9d173822955;C:\Program Files\Java\jdk-17\bin\server;C:\Program Files\JetBrains\IntelliJ IDEA Community Edition 2024.2.3\bin;C:\Windows\System32\DriverStore\FileRepository\nvam.inf_amd64_911afd82178f0a08;C:\Users\frane\AppData\Local\Temp\lwjgl_frane\3.3.4+7\x64

VM Arguments:
jvm_args: -javaagent:C:\Program Files\JetBrains\IntelliJ IDEA Community Edition 2024.2.3\lib\idea_rt.jar=50395:C:\Program Files\JetBrains\IntelliJ IDEA Community Edition 2024.2.3\bin -Dfile.encoding=UTF-8 
java_command: KanapkaEngine.Main
java_class_path (initial): C:\Users\frane\Documents\Github\Kanapka-Engine\target\classes;C:\Users\frane\.m2\repository\org\apache\commons\commons-math3\3.6.1\commons-math3-3.6.1.jar;C:\Users\frane\.m2\repository\org\lwjgl\lwjgl\3.3.4\lwjgl-3.3.4.jar;C:\Users\frane\.m2\repository\org\lwjgl\lwjgl-assimp\3.3.4\lwjgl-assimp-3.3.4.jar;C:\Users\frane\.m2\repository\org\lwjgl\lwjgl-glfw\3.3.4\lwjgl-glfw-3.3.4.jar;C:\Users\frane\.m2\repository\org\lwjgl\lwjgl-openal\3.3.4\lwjgl-openal-3.3.4.jar;C:\Users\frane\.m2\repository\org\lwjgl\lwjgl-opengl\3.3.4\lwjgl-opengl-3.3.4.jar;C:\Users\frane\.m2\repository\org\lwjgl\lwjgl-stb\3.3.4\lwjgl-stb-3.3.4.jar;C:\Users\frane\.m2\repository\org\lwjgl\lwjgl\3.3.4\lwjgl-3.3.4-natives-windows.jar;C:\Users\frane\.m2\repository\org\lwjgl\lwjgl-assimp\3.3.4\lwjgl-assimp-3.3.4-natives-windows.jar;C:\Users\frane\.m2\repository\org\lwjgl\lwjgl-glfw\3.3.4\lwjgl-glfw-3.3.4-natives-windows.jar;C:\Users\frane\.m2\repository\org\lwjgl\lwjgl-openal\3.3.4\lwjgl-openal-3.3.4-natives-windows.jar;C:\Users\frane\.m2\repository\org\lwjgl\lwjgl-opengl\3.3.4\lwjgl-opengl-3.3.4-natives-windows.jar;C:\Users\frane\.m2\repository\org\lwjgl\lwjgl-stb\3.3.4\lwjgl-stb-3.3.4-natives-windows.jar;C:\Users\frane\.m2\repository\org\joml\joml\1.10.7\joml-1.10.7.jar
Launcher Type: SUN_STANDARD

[Global flags]
     intx CICompilerCount                          = 12                                        {product} {ergonomic}
     uint ConcGCThreads                            = 5                                         {product} {ergonomic}
     uint G1ConcRefinementThreads                  = 18                                        {product} {ergonomic}
   size_t G1HeapRegionSize                         = 4194304                                   {product} {ergonomic}
    uintx GCDrainStackTargetSize                   = 64                                        {product} {ergonomic}
   size_t InitialHeapSize                          = 524288000                                 {product} {ergonomic}
   size_t MarkStackSize                            = 4194304                                   {product} {ergonomic}
   size_t MaxHeapSize                              = 8380219392                                {product} {ergonomic}
   size_t MaxNewSize                               = 5024776192                                {product} {ergonomic}
   size_t MinHeapDeltaBytes                        = 4194304                                   {product} {ergonomic}
   size_t MinHeapSize                              = 8388608                                   {product} {ergonomic}
    uintx NonNMethodCodeHeapSize                   = 7602480                                {pd product} {ergonomic}
    uintx NonProfiledCodeHeapSize                  = 122027880                              {pd product} {ergonomic}
    uintx ProfiledCodeHeapSize                     = 122027880                              {pd product} {ergonomic}
    uintx ReservedCodeCacheSize                    = 251658240                              {pd product} {ergonomic}
     bool SegmentedCodeCache                       = true                                      {product} {ergonomic}
   size_t SoftMaxHeapSize                          = 8380219392                             {manageable} {ergonomic}
     bool UseCompressedClassPointers               = true                           {product lp64_product} {ergonomic}
     bool UseCompressedOops                        = true                           {product lp64_product} {ergonomic}
     bool UseG1GC                                  = true                                      {product} {ergonomic}
     bool UseLargePagesIndividualAllocation        = false                                  {pd product} {ergonomic}

Logging:
Log output configuration:
 #0: stdout all=warning uptime,level,tags
 #1: stderr all=off uptime,level,tags

Environment Variables:
PATH=C:\VulkanSDK\1.3.296.0\Bin;C:\Program Files\Oculus\Support\oculus-runtime;C:\Program Files\Common Files\Oracle\Java\javapath;C:\Program Files\Zulu\zulu-8\bin\;C:\Windows\system32;C:\Windows;C:\Windows\System32\Wbem;C:\Windows\System32\WindowsPowerShell\v1.0\;C:\Windows\System32\OpenSSH\;C:\Program Files (x86)\NVIDIA Corporation\PhysX\Common;C:\Program Files\NVIDIA Corporation\NVIDIA NvDLISR;C:\Program Files\dotnet\;C:\Program Files (x86)\Windows Kits\10\Windows Performance Toolkit\;C:\Program Files\Neovim\bin;C:\msys64\mingw64\bin;C:\Program Files\LLVM\bin;C:\ProgramData\chocolatey\bin;C:\Program Files\Git\cmd;C:\ProgramData\chocolatey\lib\maven\apache-maven-3.9.9\bin;C:\Program Files\CMake\bin;C:\Program Files\nodejs\;C:\Program Files\Docker\Docker\resources\bin;C:\Users\frane\AppData\Local\Microsoft\WindowsApps;C:\Users\frane\.dotnet\tools;C:\Users\frane\AppData\Roaming\npm;C:\Users\frane\AppData\Local\Programs\Microsoft VS Code\bin;C:\Users\frane\AppData\Local\GitHubDesktop\bin
USERNAME=frane
OS=Windows_NT
PROCESSOR_IDENTIFIER=AMD64 Family 25 Model 97 Stepping 2, AuthenticAMD



---------------  S Y S T E M  ---------------

OS:
 Windows 11 , 64 bit Build 22621 (10.0.22621.3958)
OS uptime: 7 days 5:08 hours
Hyper-V role detected

CPU: total 24 (initial active 24) (24 cores per cpu, 2 threads per core) family 25 model 97 stepping 2 microcode 0x0, cx8, cmov, fxsr, ht, mmx, 3dnowpref, sse, sse2, sse3, ssse3, sse4a, sse4.1, sse4.2, popcnt, lzcnt, tsc, tscinvbit, avx, avx2, aes, erms, clmul, bmi1, bmi2, adx, avx512f, avx512dq, avx512cd, avx512bw, avx512vl, sha, fma, vzeroupper, avx512_vpopcntdq, avx512_vpclmulqdq, avx512_vaes, avx512_vnni, clflush, clflushopt, avx512_vbmi2, avx512_vbmi, hv

Memory: 4k page, system-wide physical 31967M (17575M free)
TotalPageFile size 41695M (AvailPageFile size 19165M)
current process WorkingSet (physical memory assigned to process): 125M, peak: 125M
current process commit charge ("private bytes"): 722M, peak: 722M

vm_info: Java HotSpot(TM) 64-Bit Server VM (17.0.11+7-LTS-207) for windows-amd64 JRE (17.0.11+7-LTS-207), built on Mar 11 2024 19:01:50 by "mach5one" with MS VC++ 17.6 (VS2022)

END.
